timestamp,x1,y1,z1,x2,y2,z2,x3,y3,z3,x4,y4,z4,x1_calib,y1_calib,z1_calib,x2_calib,y2_calib,z2_calib,x3_calib,y3_calib,z3_calib,x4_calib,y4_calib,z4_calib
2025-08-19T15:19:00.485356,-11.0,12.0,67.0,-20.0,85.0,-90.0,-3.0,41.0,-18.0,1.0,47.0,-36.0,,,,,,,,,,,,
2025-08-19T15:19:00.486817,47.0,38.0,-2.0,-32.0,-3.0,-7.0,-14.0,28.0,-25.0,31.0,32.0,-77.0,,,,,,,,,,,,
2025-08-19T15:19:00.492501,12.0,27.0,35.0,-14.0,-16.0,17.0,-31.0,-8.0,-4.0,-50.0,56.0,-18.0,,,,,,,,,,,,
2025-08-19T15:19:00.495972,20.0,14.0,-71.0,16.0,15.0,-23.0,-3.0,-51.0,8.0,35.0,18.0,-40.0,,,,,,,,,,,,
2025-08-19T15:19:00.504259,19.0,51.0,-104.0,-27.0,69.0,-20.0,27.0,40.0,41.0,21.0,48.0,18.0,,,,,,,,,,,,
2025-08-19T15:19:00.512232,13.0,-10.0,-16.0,64.0,44.0,26.0,-23.0,-23.0,-16.0,40.0,104.0,-35.0,,,,,,,,,,,,
2025-08-19T15:19:00.516557,-3.0,-19.0,-17.0,-26.0,51.0,-50.0,-17.0,-16.0,27.0,-64.0,1.0,19.0,,,,,,,,,,,,
2025-08-19T15:19:00.520515,39.0,-27.0,74.0,6.0,80.0,-4.0,-6.0,16.0,5.0,-23.0,32.0,-12.0,,,,,,,,,,,,
2025-08-19T15:19:00.528704,38.0,-66.0,14.0,8.0,93.0,-25.0,-2.0,-20.0,56.0,-4.0,44.0,34.0,,,,,,,,,,,,
2025-08-19T15:19:00.532840,65.0,-82.0,12.0,28.0,-6.0,-31.0,-43.0,17.0,-23.0,-131.0,30.0,-10.0,,,,,,,,,,,,
2025-08-19T15:19:00.541057,-11.0,-35.0,89.0,35.0,61.0,-10.0,-37.0,22.0,16.0,-42.0,30.0,65.0,,,,,,,,,,,,
2025-08-19T15:19:00.545236,-5.0,53.0,9.0,-34.0,86.0,-15.0,-62.0,38.0,39.0,29.0,86.0,15.0,,,,,,,,,,,,
2025-08-19T15:19:00.553309,59.0,-25.0,-10.0,-7.0,69.0,17.0,-36.0,32.0,24.0,-44.0,48.0,-5.0,,,,,,,,,,,,
2025-08-19T15:19:00.557475,8.0,5.0,-30.0,-27.0,58.0,-46.0,-2.0,55.0,20.0,-22.0,105.0,32.0,,,,,,,,,,,,
2025-08-19T15:19:00.565599,76.0,18.0,5.0,41.0,25.0,39.0,17.0,-20.0,53.0,21.0,16.0,4.0,,,,,,,,,,,,
2025-08-19T15:19:00.569703,86.0,-75.0,47.0,16.0,88.0,-32.0,-20.0,34.0,23.0,-18.0,44.0,-41.0,,,,,,,,,,,,
2025-08-19T15:19:00.577916,-31.0,-50.0,35.0,14.0,0.0,-27.0,32.0,0.0,46.0,19.0,59.0,38.0,,,,,,,,,,,,
2025-08-19T15:19:00.582219,0.0,34.0,77.0,19.0,-62.0,-4.0,-15.0,33.0,24.0,-27.0,22.0,125.0,,,,,,,,,,,,
2025-08-19T15:19:00.590267,-39.0,22.0,4.0,7.0,54.0,-23.0,39.0,53.0,-12.0,-39.0,-11.0,51.0,,,,,,,,,,,,
2025-08-19T15:19:00.594517,4.0,51.0,-36.0,-47.0,71.0,-78.0,0.0,3.0,-3.0,-12.0,84.0,18.0,,,,,,,,,,,,
2025-08-19T15:19:00.602591,-9.0,37.0,5.0,-30.0,56.0,-39.0,30.0,17.0,39.0,-29.0,6.0,-36.0,,,,,,,,,,,,
2025-08-19T15:19:00.606704,31.0,43.0,-11.0,71.0,52.0,-41.0,-61.0,-28.0,21.0,9.0,-36.0,62.0,,,,,,,,,,,,
2025-08-19T15:19:00.614737,0.0,-65.0,-75.0,28.0,25.0,3.0,-55.0,110.0,92.0,27.0,21.0,21.0,,,,,,,,,,,,
2025-08-19T15:19:00.619412,57.0,-63.0,9.0,-19.0,19.0,-58.0,-2.0,23.0,-31.0,5.0,-9.0,40.0,,,,,,,,,,,,
2025-08-19T15:19:00.627196,60.0,4.0,5.0,-76.0,-79.0,48.0,-24.0,32.0,-20.0,78.0,-3.0,0.0,,,,,,,,,,,,
2025-08-19T15:19:00.631801,93.0,-13.0,-3.0,14.0,31.0,5.0,-55.0,87.0,1.0,32.0,6.0,41.0,,,,,,,,,,,,
2025-08-19T15:19:00.639544,-8.0,-63.0,-52.0,27.0,42.0,17.0,24.0,54.0,-45.0,67.0,7.0,-27.0,,,,,,,,,,,,
2025-08-19T15:19:00.644127,90.0,-48.0,74.0,0.0,28.0,6.0,-16.0,62.0,41.0,82.0,-21.0,32.0,,,,,,,,,,,,
2025-08-19T15:19:00.651867,37.0,-14.0,56.0,13.0,32.0,-26.0,-66.0,-27.0,-90.0,102.0,55.0,26.0,,,,,,,,,,,,
2025-08-19T15:19:00.656434,-70.0,37.0,80.0,-32.0,152.0,2.0,-5.0,-9.0,42.0,48.0,-60.0,70.0,,,,,,,,,,,,
2025-08-19T15:19:00.660463,-15.0,-19.0,30.0,-5.0,45.0,-47.0,-57.0,47.0,2.0,83.0,25.0,-1.0,,,,,,,,,,,,
2025-08-19T15:19:00.668766,-74.0,19.0,-14.0,81.0,107.0,-54.0,-27.0,-9.0,28.0,23.0,15.0,15.0,,,,,,,,,,,,
2025-08-19T15:19:00.676411,-3.0,128.0,42.0,-7.0,36.0,-37.0,58.0,-36.0,-28.0,37.0,-19.0,33.0,,,,,,,,,,,,
2025-08-19T15:19:00.680916,5.0,12.0,-16.0,37.0,-19.0,-36.0,-45.0,39.0,-64.0,53.0,1.0,42.0,,,,,,,,,,,,
2025-08-19T15:19:00.685055,-36.0,73.0,13.0,10.0,33.0,13.0,-13.0,30.0,-25.0,32.0,8.0,41.0,,,,,,,,,,,,
2025-08-19T15:19:00.693203,78.0,24.0,-5.0,-68.0,135.0,18.0,17.0,-38.0,21.0,45.0,7.0,60.0,,,,,,,,,,,,
2025-08-19T15:19:00.700941,116.0,-21.0,-23.0,-34.0,11.0,31.0,-61.0,-17.0,3.0,97.0,-8.0,37.0,,,,,,,,,,,,
2025-08-19T15:19:00.705510,67.0,-14.0,73.0,17.0,30.0,-40.0,-18.0,-3.0,58.0,47.0,-75.0,22.0,,,,,,,,,,,,
2025-08-19T15:19:00.709671,-32.0,-93.0,40.0,26.0,75.0,-8.0,19.0,-14.0,67.0,48.0,0.0,26.0,,,,,,,,,,,,
2025-08-19T15:19:00.717725,1.0,-91.0,14.0,32.0,40.0,-25.0,13.0,0.0,42.0,53.0,24.0,-19.0,,,,,,,,,,,,
2025-08-19T15:19:00.722029,29.0,70.0,79.0,32.0,-11.0,-40.0,-37.0,-6.0,82.0,64.0,0.0,38.0,,,,,,,,,,,,
2025-08-19T15:19:00.729970,-62.0,44.0,46.0,18.0,-8.0,13.0,-37.0,28.0,29.0,35.0,-71.0,107.0,,,,,,,,,,,,
2025-08-19T15:19:00.734298,-30.0,42.0,-68.0,63.0,-16.0,17.0,-52.0,33.0,21.0,55.0,31.0,37.0,,,,,,,,,,,,
2025-08-19T15:19:00.742243,60.0,78.0,-71.0,-25.0,57.0,29.0,13.0,-6.0,12.0,51.0,-4.0,27.0,,,,,,,,,,,,
2025-08-19T15:19:00.746538,56.0,47.0,-7.0,4.0,64.0,-36.0,-15.0,43.0,6.0,29.0,37.0,12.0,,,,,,,,,,,,
2025-08-19T15:19:00.754617,109.0,-18.0,-61.0,84.0,69.0,-19.0,53.0,16.0,55.0,46.0,-70.0,17.0,,,,,,,,,,,,
2025-08-19T15:19:00.759017,30.0,-25.0,12.0,15.0,-3.0,-38.0,-9.0,-15.0,16.0,-6.0,-26.0,8.0,,,,,,,,,,,,
2025-08-19T15:19:00.766702,57.0,34.0,-22.0,18.0,45.0,23.0,6.0,-49.0,79.0,109.0,38.0,41.0,,,,,,,,,,,,
2025-08-19T15:19:00.771296,57.0,-17.0,72.0,-10.0,45.0,25.0,-46.0,-97.0,27.0,29.0,6.0,18.0,,,,,,,,,,,,
2025-08-19T15:19:00.778913,53.0,-22.0,88.0,34.0,39.0,5.0,-51.0,54.0,47.0,68.0,-4.0,-46.0,,,,,,,,,,,,
2025-08-19T15:19:00.783831,44.0,0.0,15.0,-68.0,8.0,-65.0,20.0,-5.0,8.0,77.0,-4.0,73.0,,,,,,,,,,,,
2025-08-19T15:19:00.790932,10.0,-41.0,117.0,19.0,72.0,-87.0,7.0,-25.0,19.0,62.0,12.0,-50.0,,,,,,,,,,,,
2025-08-19T15:19:00.796022,10.0,40.0,61.0,-7.0,28.0,-12.0,-47.0,0.0,16.0,55.0,-26.0,-63.0,,,,,,,,,,,,
2025-08-19T15:19:00.803507,-27.0,-82.0,25.0,31.0,62.0,-58.0,-55.0,-33.0,23.0,76.0,121.0,15.0,,,,,,,,,,,,
2025-08-19T15:19:00.809234,57.0,72.0,25.0,-12.0,35.0,-49.0,-94.0,40.0,18.0,18.0,43.0,-47.0,,,,,,,,,,,,
2025-08-19T15:19:00.815641,38.0,62.0,-52.0,48.0,100.0,38.0,42.0,57.0,22.0,114.0,58.0,-70.0,,,,,,,,,,,,
2025-08-19T15:19:00.820188,36.0,38.0,-30.0,-15.0,55.0,-40.0,8.0,-25.0,35.0,2.0,59.0,9.0,,,,,,,,,,,,
2025-08-19T15:19:00.828104,114.0,97.0,-2.0,14.0,53.0,2.0,-32.0,105.0,20.0,20.0,37.0,-34.0,,,,,,,,,,,,
2025-08-19T15:19:00.832843,103.0,-58.0,-35.0,-36.0,32.0,-35.0,28.0,-11.0,2.0,28.0,59.0,1.0,,,,,,,,,,,,
2025-08-19T15:19:00.840285,57.0,14.0,-6.0,22.0,70.0,-33.0,50.0,43.0,4.0,107.0,58.0,-42.0,,,,,,,,,,,,
2025-08-19T15:19:00.844899,-35.0,-11.0,65.0,26.0,29.0,-1.0,-15.0,20.0,-29.0,12.0,46.0,-6.0,,,,,,,,,,,,
2025-08-19T15:19:00.852547,-13.0,4.0,22.0,5.0,-11.0,-3.0,-7.0,1.0,-26.0,42.0,33.0,-37.0,,,,,,,,,,,,
2025-08-19T15:19:00.857068,0.0,-10.0,50.0,44.0,-46.0,5.0,-42.0,7.0,5.0,72.0,42.0,-31.0,,,,,,,,,,,,
2025-08-19T15:19:00.864913,2.0,-53.0,3.0,-16.0,-50.0,25.0,-13.0,28.0,45.0,-6.0,44.0,-46.0,,,,,,,,,,,,
2025-08-19T15:19:00.869353,-8.0,25.0,37.0,2.0,73.0,25.0,6.0,66.0,60.0,-26.0,-25.0,-59.0,,,,,,,,,,,,
2025-08-19T15:19:00.873476,53.0,68.0,-8.0,66.0,11.0,-39.0,15.0,19.0,3.0,37.0,-7.0,-36.0,,,,,,,,,,,,
2025-08-19T15:19:00.881736,25.0,58.0,-47.0,15.0,50.0,-60.0,-9.0,31.0,-4.0,-37.0,58.0,-61.0,,,,,,,,,,,,
2025-08-19T15:19:00.885856,-38.0,32.0,-26.0,-2.0,-11.0,-47.0,78.0,43.0,34.0,-16.0,67.0,-80.0,,,,,,,,,,,,
2025-08-19T15:19:00.893623,71.0,10.0,-78.0,42.0,29.0,1.0,44.0,66.0,-22.0,10.0,62.0,-70.0,,,,,,,,,,,,
2025-08-19T15:19:00.897770,84.0,-5.0,-58.0,0.0,-23.0,37.0,50.0,-18.0,-1.0,-97.0,33.0,-24.0,,,,,,,,,,,,
2025-08-19T15:19:00.905903,36.0,-61.0,-64.0,-41.0,35.0,2.0,-18.0,96.0,-29.0,28.0,65.0,-12.0,,,,,,,,,,,,
2025-08-19T15:19:00.910085,58.0,-25.0,23.0,32.0,7.0,44.0,44.0,-37.0,-36.0,-69.0,49.0,-81.0,,,,,,,,,,,,
2025-08-19T15:19:00.918293,22.0,26.0,50.0,-45.0,34.0,2.0,6.0,42.0,13.0,-35.0,92.0,-41.0,,,,,,,,,,,,
2025-08-19T15:19:00.922368,49.0,36.0,41.0,30.0,-23.0,-66.0,45.0,-42.0,4.0,-2.0,103.0,-7.0,,,,,,,,,,,,
2025-08-19T15:19:00.930505,-65.0,64.0,8.0,50.0,46.0,-14.0,-60.0,76.0,43.0,7.0,-31.0,-51.0,,,,,,,,,,,,
2025-08-19T15:19:00.934825,10.0,34.0,-21.0,81.0,-3.0,19.0,14.0,-52.0,24.0,-21.0,62.0,-51.0,,,,,,,,,,,,
2025-08-19T15:19:00.942674,60.0,59.0,-68.0,3.0,9.0,-44.0,56.0,6.0,-42.0,-22.0,30.0,5.0,,,,,,,,,,,,
2025-08-19T15:19:00.947072,8.0,29.0,-24.0,-3.0,28.0,-35.0,95.0,87.0,-40.0,2.0,34.0,26.0,,,,,,,,,,,,
2025-08-19T15:19:00.954895,18.0,8.0,-87.0,47.0,85.0,33.0,19.0,44.0,-5.0,2.0,35.0,-13.0,,,,,,,,,,,,
2025-08-19T15:19:00.959416,24.0,53.0,-78.0,-9.0,62.0,31.0,23.0,26.0,4.0,-32.0,-21.0,4.0,,,,,,,,,,,,
2025-08-19T15:19:00.967150,84.0,98.0,12.0,39.0,33.0,43.0,-30.0,9.0,35.0,29.0,-20.0,75.0,,,,,,,,,,,,
2025-08-19T15:19:00.971811,13.0,65.0,29.0,13.0,-5.0,-21.0,3.0,83.0,-12.0,19.0,-33.0,35.0,,,,,,,,,,,,
2025-08-19T15:19:00.979307,52.0,-56.0,-10.0,68.0,72.0,-14.0,-3.0,85.0,20.0,2.0,42.0,29.0,,,,,,,,,,,,
2025-08-19T15:19:00.983897,20.0,-72.0,34.0,9.0,116.0,-49.0,13.0,37.0,-15.0,33.0,-8.0,51.0,,,,,,,,,,,,
2025-08-19T15:19:00.991631,25.0,-45.0,39.0,55.0,-9.0,4.0,-30.0,47.0,-8.0,61.0,30.0,1.0,,,,,,,,,,,,
2025-08-19T15:19:00.996406,-24.0,-49.0,21.0,44.0,17.0,-7.0,28.0,-18.0,-29.0,57.0,-47.0,49.0,,,,,,,,,,,,
2025-08-19T15:19:01.003848,-48.0,0.0,-3.0,-18.0,56.0,22.0,18.0,35.0,-59.0,39.0,-8.0,18.0,,,,,,,,,,,,
2025-08-19T15:19:01.009467,9.0,50.0,40.0,18.0,55.0,-8.0,15.0,-23.0,-9.0,36.0,37.0,-29.0,,,,,,,,,,,,
2025-08-19T15:19:01.016143,-84.0,64.0,-10.0,28.0,109.0,-34.0,29.0,27.0,-9.0,67.0,58.0,9.0,,,,,,,,,,,,
2025-08-19T15:19:01.020915,-31.0,29.0,-83.0,107.0,62.0,-37.0,24.0,-12.0,-35.0,14.0,-12.0,63.0,,,,,,,,,,,,
2025-08-19T15:19:01.028650,67.0,60.0,-47.0,-12.0,-26.0,-42.0,-4.0,9.0,45.0,26.0,-16.0,-29.0,,,,,,,,,,,,
2025-08-19T15:19:01.033090,62.0,-67.0,1.0,-79.0,-2.0,30.0,25.0,-29.0,13.0,66.0,-13.0,25.0,,,,,,,,,,,,
2025-08-19T15:19:01.040745,39.0,18.0,24.0,-15.0,13.0,24.0,19.0,-36.0,48.0,30.0,17.0,-17.0,,,,,,,,,,,,
2025-08-19T15:19:01.045516,-48.0,-5.0,166.0,19.0,-23.0,3.0,9.0,26.0,76.0,7.0,-22.0,-37.0,,,,,,,,,,,,
2025-08-19T15:19:01.049638,-37.0,-28.0,7.0,-5.0,67.0,10.0,-64.0,-41.0,-2.0,66.0,4.0,-22.0,,,,,,,,,,,,
2025-08-19T15:19:01.057751,-21.0,-60.0,-23.0,-42.0,90.0,-56.0,-38.0,-5.0,80.0,-3.0,-7.0,41.0,,,,,,,,,,,,
2025-08-19T15:19:01.061848,0.0,-54.0,11.0,-28.0,29.0,-22.0,-11.0,-19.0,-6.0,23.0,6.0,9.0,,,,,,,,,,,,
2025-08-19T15:19:01.069722,-9.0,16.0,123.0,-23.0,120.0,2.0,20.0,25.0,33.0,0.0,-25.0,39.0,,,,,,,,,,,,
2025-08-19T15:19:01.074626,15.0,-31.0,35.0,10.0,147.0,-34.0,-58.0,-25.0,9.0,61.0,-37.0,-41.0,,,,,,,,,,,,
2025-08-19T15:19:01.081966,-20.0,18.0,26.0,30.0,22.0,-18.0,33.0,11.0,35.0,46.0,-37.0,-4.0,,,,,,,,,,,,
2025-08-19T15:19:01.086453,14.0,7.0,-20.0,20.0,-3.0,-18.0,-39.0,-21.0,17.0,64.0,57.0,87.0,,,,,,,,,,,,
2025-08-19T15:19:01.094533,7.0,37.0,-66.0,-12.0,-34.0,-26.0,-133.0,33.0,65.0,66.0,3.0,32.0,,,,,,,,,,,,
2025-08-19T15:19:01.098831,69.0,98.0,-39.0,-36.0,-6.0,36.0,-25.0,38.0,24.0,31.0,40.0,10.0,,,,,,,,,,,,
2025-08-19T15:19:01.106660,32.0,-63.0,-21.0,-22.0,-7.0,19.0,-55.0,60.0,-16.0,59.0,-17.0,45.0,,,,,,,,,,,,
2025-08-19T15:19:01.111109,42.0,-12.0,-14.0,-8.0,45.0,1.0,-63.0,80.0,-16.0,51.0,-10.0,23.0,,,,,,,,,,,,
2025-08-19T15:19:01.118837,-8.0,-38.0,69.0,66.0,26.0,8.0,-30.0,67.0,-15.0,49.0,-2.0,22.0,,,,,,,,,,,,
2025-08-19T15:19:01.123640,-43.0,-6.0,45.0,27.0,59.0,-61.0,-5.0,76.0,9.0,47.0,8.0,28.0,,,,,,,,,,,,
2025-08-19T15:19:01.131140,-32.0,-53.0,61.0,50.0,21.0,19.0,6.0,38.0,22.0,37.0,8.0,-51.0,,,,,,,,,,,,
2025-08-19T15:19:01.135918,-46.0,-42.0,18.0,-20.0,16.0,-60.0,-41.0,21.0,25.0,69.0,91.0,-101.0,,,,,,,,,,,,
2025-08-19T15:19:01.143557,39.0,69.0,15.0,23.0,-43.0,-28.0,-9.0,60.0,-13.0,48.0,73.0,-20.0,,,,,,,,,,,,
2025-08-19T15:19:01.148251,58.0,90.0,0.0,39.0,-21.0,26.0,-9.0,34.0,33.0,27.0,98.0,-33.0,,,,,,,,,,,,
2025-08-19T15:19:01.155567,93.0,31.0,-2.0,70.0,14.0,41.0,60.0,9.0,-6.0,39.0,12.0,-66.0,,,,,,,,,,,,
2025-08-19T15:19:01.160327,65.0,60.0,10.0,4.0,46.0,11.0,-31.0,-30.0,84.0,-31.0,55.0,-54.0,,,,,,,,,,,,
2025-08-19T15:19:01.167900,67.0,-90.0,-67.0,-12.0,65.0,25.0,8.0,-3.0,58.0,-66.0,79.0,-44.0,,,,,,,,,,,,
2025-08-19T15:19:01.172563,1.0,-16.0,-4.0,1.0,76.0,-5.0,12.0,20.0,5.0,-83.0,48.0,-15.0,,,,,,,,,,,,
2025-08-19T15:19:01.180187,137.0,-32.0,-30.0,19.0,59.0,-2.0,-47.0,-12.0,41.0,-44.0,54.0,-29.0,,,,,,,,,,,,
2025-08-19T15:19:01.184922,54.0,-48.0,29.0,18.0,65.0,-12.0,18.0,-31.0,49.0,-7.0,40.0,29.0,,,,,,,,,,,,
2025-08-19T15:19:01.192492,-40.0,28.0,58.0,13.0,2.0,-49.0,-44.0,-48.0,13.0,71.0,98.0,-11.0,,,,,,,,,,,,
2025-08-19T15:19:01.197087,45.0,37.0,-12.0,14.0,19.0,-16.0,-32.0,-24.0,6.0,-41.0,106.0,-72.0,,,,,,,,,,,,
2025-08-19T15:19:01.204669,65.0,-6.0,-28.0,55.0,5.0,7.0,-9.0,-21.0,56.0,10.0,106.0,39.0,,,,,,,,,,,,
2025-08-19T15:19:01.209416,-31.0,88.0,-25.0,-44.0,74.0,-78.0,40.0,-9.0,44.0,-20.0,57.0,-37.0,,,,,,,,,,,,
2025-08-19T15:19:01.213900,52.0,37.0,-62.0,-46.0,38.0,-25.0,7.0,-2.0,66.0,-7.0,76.0,1.0,,,,,,,,,,,,
2025-08-19T15:19:01.221709,20.0,53.0,-83.0,-65.0,32.0,-14.0,9.0,-50.0,24.0,-112.0,43.0,47.0,,,,,,,,,,,,
2025-08-19T15:19:01.225755,100.0,-47.0,0.0,70.0,16.0,-7.0,28.0,-82.0,25.0,-15.0,64.0,32.0,,,,,,,,,,,,
2025-08-19T15:19:01.233706,-24.0,-21.0,37.0,5.0,-2.0,-47.0,2.0,2.0,39.0,44.0,-5.0,3.0,,,,,,,,,,,,
2025-08-19T15:19:01.238018,39.0,-32.0,34.0,23.0,-10.0,14.0,1.0,-18.0,8.0,-35.0,-5.0,113.0,,,,,,,,,,,,
2025-08-19T15:19:01.245818,15.0,4.0,7.0,35.0,-12.0,29.0,8.0,-44.0,105.0,62.0,-25.0,-10.0,,,,,,,,,,,,
2025-08-19T15:19:01.250310,88.0,-4.0,59.0,28.0,-37.0,-2.0,-3.0,-57.0,39.0,74.0,29.0,11.0,,,,,,,,,,,,
2025-08-19T15:19:01.258325,68.0,-5.0,52.0,-50.0,39.0,12.0,-50.0,28.0,5.0,86.0,13.0,32.0,,,,,,,,,,,,
2025-08-19T15:19:01.262623,25.0,-103.0,53.0,4.0,22.0,12.0,-33.0,57.0,26.0,54.0,18.0,-2.0,,,,,,,,,,,,
2025-08-19T15:19:01.270492,-22.0,19.0,-23.0,-111.0,95.0,-65.0,46.0,2.0,22.0,80.0,-10.0,29.0,,,,,,,,,,,,
2025-08-19T15:19:01.275202,35.0,7.0,-18.0,0.0,83.0,6.0,-50.0,-18.0,7.0,52.0,-26.0,-5.0,,,,,,,,,,,,
2025-08-19T15:19:01.282791,38.0,-45.0,-18.0,-11.0,45.0,-39.0,-22.0,64.0,75.0,25.0,-67.0,-27.0,,,,,,,,,,,,
2025-08-19T15:19:01.287336,90.0,15.0,-37.0,34.0,27.0,57.0,-7.0,14.0,-1.0,32.0,-78.0,-20.0,,,,,,,,,,,,
2025-08-19T15:19:01.294933,16.0,-37.0,19.0,8.0,23.0,-25.0,11.0,-6.0,69.0,72.0,-35.0,37.0,,,,,,,,,,,,
2025-08-19T15:19:01.299776,45.0,-21.0,17.0,-30.0,52.0,11.0,-15.0,-59.0,31.0,41.0,-28.0,12.0,,,,,,,,,,,,
2025-08-19T15:19:01.307081,-8.0,-44.0,30.0,-17.0,75.0,10.0,-71.0,-13.0,76.0,4.0,23.0,22.0,,,,,,,,,,,,
2025-08-19T15:19:01.312105,-12.0,-32.0,32.0,-11.0,35.0,-23.0,-39.0,-39.0,70.0,77.0,-22.0,21.0,,,,,,,,,,,,
2025-08-19T15:19:01.319563,24.0,32.0,22.0,7.0,37.0,-56.0,-60.0,13.0,46.0,91.0,1.0,21.0,,,,,,,,,,,,
2025-08-19T15:19:01.324388,23.0,36.0,-26.0,82.0,40.0,-42.0,-64.0,-11.0,8.0,-11.0,0.0,70.0,,,,,,,,,,,,
2025-08-19T15:19:01.331896,19.0,47.0,-8.0,-17.0,11.0,-22.0,-35.0,34.0,-6.0,81.0,-53.0,-17.0,,,,,,,,,,,,
2025-08-19T15:19:01.336410,48.0,20.0,-52.0,68.0,12.0,22.0,-21.0,24.0,58.0,-17.0,57.0,9.0,,,,,,,,,,,,
2025-08-19T15:19:01.344098,20.0,-4.0,-25.0,15.0,67.0,-13.0,-9.0,2.0,31.0,2.0,48.0,17.0,,,,,,,,,,,,
2025-08-19T15:19:01.348758,50.0,-55.0,-58.0,-37.0,13.0,-25.0,-19.0,-52.0,5.0,83.0,0.0,-8.0,,,,,,,,,,,,
2025-08-19T15:19:01.356293,34.0,-27.0,97.0,-27.0,51.0,-26.0,-6.0,-7.0,-34.0,77.0,-9.0,60.0,,,,,,,,,,,,
2025-08-19T15:19:01.360845,76.0,-55.0,21.0,6.0,111.0,-55.0,-25.0,13.0,16.0,21.0,-14.0,69.0,,,,,,,,,,,,
2025-08-19T15:19:01.368573,-20.0,49.0,81.0,-24.0,28.0,-18.0,-26.0,37.0,95.0,105.0,-14.0,17.0,,,,,,,,,,,,
2025-08-19T15:19:01.373056,9.0,13.0,58.0,-18.0,35.0,-41.0,0.0,58.0,29.0,80.0,-46.0,11.0,,,,,,,,,,,,
2025-08-19T15:19:01.380697,-50.0,27.0,-64.0,79.0,76.0,-30.0,-72.0,91.0,62.0,55.0,2.0,32.0,,,,,,,,,,,,
2025-08-19T15:19:01.385557,62.0,16.0,-42.0,-44.0,-44.0,4.0,-33.0,56.0,42.0,16.0,-29.0,-8.0,,,,,,,,,,,,
2025-08-19T15:19:01.389904,102.0,-72.0,1.0,-3.0,50.0,-53.0,-36.0,30.0,0.0,2.0,5.0,92.0,,,,,,,,,,,,
2025-08-19T15:19:01.397751,50.0,-31.0,-2.0,-51.0,15.0,48.0,1.0,-1.0,69.0,20.0,-14.0,-51.0,,,,,,,,,,,,
2025-08-19T15:19:01.401922,25.0,-11.0,-55.0,-28.0,40.0,54.0,-43.0,55.0,50.0,122.0,40.0,-82.0,,,,,,,,,,,,
2025-08-19T15:19:01.409922,32.0,-16.0,78.0,-7.0,65.0,-39.0,-28.0,-69.0,-31.0,4.0,65.0,-4.0,,,,,,,,,,,,
2025-08-19T15:19:01.414154,48.0,-64.0,21.0,-47.0,67.0,49.0,-5.0,72.0,-3.0,-15.0,82.0,-47.0,,,,,,,,,,,,
2025-08-19T15:19:01.422133,28.0,-13.0,-13.0,-53.0,29.0,-36.0,3.0,41.0,5.0,50.0,14.0,-20.0,,,,,,,,,,,,
2025-08-19T15:19:01.426350,4.0,36.0,72.0,18.0,25.0,1.0,7.0,39.0,-27.0,-15.0,9.0,-58.0,,,,,,,,,,,,
2025-08-19T15:19:01.434429,-32.0,19.0,53.0,4.0,-22.0,-8.0,-17.0,45.0,-34.0,-49.0,20.0,86.0,,,,,,,,,,,,
2025-08-19T15:19:01.438897,-9.0,45.0,10.0,30.0,42.0,-10.0,-48.0,15.0,-21.0,43.0,106.0,23.0,,,,,,,,,,,,
2025-08-19T15:19:01.446686,35.0,24.0,-70.0,39.0,19.0,-24.0,13.0,52.0,-44.0,50.0,65.0,6.0,,,,,,,,,,,,
2025-08-19T15:19:01.451349,56.0,2.0,-21.0,-2.0,51.0,14.0,-12.0,-2.0,16.0,27.0,72.0,60.0,,,,,,,,,,,,
2025-08-19T15:19:01.458844,-11.0,24.0,-25.0,-99.0,58.0,-5.0,53.0,10.0,74.0,21.0,26.0,3.0,,,,,,,,,,,,
2025-08-19T15:19:01.463353,40.0,1.0,-74.0,-39.0,34.0,-10.0,40.0,-17.0,52.0,-14.0,66.0,45.0,,,,,,,,,,,,
2025-08-19T15:19:01.471115,5.0,36.0,-43.0,-10.0,35.0,13.0,6.0,44.0,12.0,-17.0,20.0,38.0,,,,,,,,,,,,
2025-08-19T15:19:01.475860,35.0,36.0,-7.0,-10.0,53.0,-44.0,-15.0,8.0,16.0,49.0,-60.0,32.0,,,,,,,,,,,,
2025-08-19T15:19:01.483466,46.0,-4.0,-39.0,28.0,34.0,41.0,27.0,84.0,15.0,-8.0,-82.0,-1.0,,,,,,,,,,,,
2025-08-19T15:19:01.487992,61.0,37.0,27.0,-8.0,-28.0,8.0,-22.0,4.0,-47.0,33.0,-9.0,19.0,,,,,,,,,,,,
2025-08-19T15:19:01.495615,8.0,-17.0,-41.0,-8.0,23.0,-17.0,-6.0,-23.0,-4.0,77.0,26.0,-13.0,,,,,,,,,,,,
2025-08-19T15:19:01.500205,53.0,25.0,18.0,-21.0,67.0,33.0,-14.0,57.0,8.0,81.0,15.0,-28.0,,,,,,,,,,,,
2025-08-19T15:19:01.507804,-13.0,-1.0,76.0,-13.0,82.0,17.0,-14.0,20.0,-33.0,137.0,25.0,63.0,,,,,,,,,,,,
2025-08-19T15:19:01.512714,-6.0,-49.0,-13.0,79.0,-11.0,-18.0,62.0,66.0,-17.0,62.0,-17.0,-43.0,,,,,,,,,,,,
2025-08-19T15:19:01.520164,37.0,21.0,45.0,36.0,20.0,-57.0,15.0,-3.0,-51.0,68.0,-44.0,2.0,,,,,,,,,,,,
2025-08-19T15:19:01.524895,-23.0,55.0,11.0,79.0,-4.0,-14.0,-23.0,-22.0,-35.0,61.0,20.0,-24.0,,,,,,,,,,,,
2025-08-19T15:19:01.532391,56.0,22.0,-50.0,-52.0,-24.0,12.0,-4.0,41.0,67.0,20.0,-2.0,-10.0,,,,,,,,,,,,
2025-08-19T15:19:01.537064,66.0,52.0,-48.0,9.0,124.0,-7.0,-38.0,-34.0,13.0,19.0,-32.0,77.0,,,,,,,,,,,,
2025-08-19T15:19:01.544513,37.0,9.0,0.0,-12.0,-12.0,-61.0,-4.0,50.0,26.0,20.0,-12.0,54.0,,,,,,,,,,,,
2025-08-19T15:19:01.549177,40.0,-66.0,13.0,76.0,83.0,47.0,-30.0,-14.0,-27.0,7.0,18.0,29.0,,,,,,,,,,,,
2025-08-19T15:19:01.557080,114.0,-24.0,102.0,-44.0,89.0,-24.0,-34.0,-11.0,-11.0,-2.0,-64.0,88.0,,,,,,,,,,,,
2025-08-19T15:19:01.561757,59.0,-58.0,51.0,57.0,-49.0,-46.0,-63.0,37.0,39.0,-10.0,-38.0,102.0,,,,,,,,,,,,
2025-08-19T15:19:01.565952,9.0,75.0,51.0,61.0,28.0,-47.0,-23.0,-21.0,59.0,39.0,29.0,24.0,,,,,,,,,,,,
2025-08-19T15:19:01.573866,29.0,45.0,-34.0,-20.0,51.0,27.0,-48.0,-26.0,30.0,52.0,4.0,6.0,,,,,,,,,,,,
2025-08-19T15:19:01.581662,10.0,101.0,-73.0,-28.0,66.0,-17.0,-33.0,-40.0,-27.0,22.0,-36.0,127.0,,,,,,,,,,,,
2025-08-19T15:19:01.586086,-45.0,-24.0,-49.0,48.0,34.0,-54.0,18.0,85.0,46.0,57.0,3.0,9.0,,,,,,,,,,,,
2025-08-19T15:19:01.593853,62.0,-64.0,-1.0,63.0,22.0,-48.0,-59.0,70.0,23.0,57.0,-33.0,-3.0,,,,,,,,,,,,
2025-08-19T15:19:01.598583,-28.0,-10.0,65.0,42.0,74.0,-54.0,-32.0,56.0,44.0,54.0,-19.0,-40.0,,,,,,,,,,,,
2025-08-19T15:19:01.602922,48.0,26.0,77.0,7.0,-34.0,27.0,-57.0,6.0,58.0,73.0,22.0,-1.0,,,,,,,,,,,,
2025-08-19T15:19:01.610520,-15.0,78.0,34.0,25.0,52.0,-2.0,-27.0,30.0,45.0,68.0,51.0,4.0,,,,,,,,,,,,
2025-08-19T15:19:01.614808,25.0,10.0,-48.0,45.0,-8.0,56.0,-5.0,21.0,48.0,79.0,-34.0,50.0,,,,,,,,,,,,
2025-08-19T15:19:01.622954,56.0,43.0,-10.0,-26.0,111.0,82.0,-60.0,39.0,13.0,90.0,17.0,66.0,,,,,,,,,,,,
2025-08-19T15:19:01.630478,53.0,-32.0,-52.0,-13.0,84.0,-55.0,-10.0,11.0,-23.0,46.0,-12.0,3.0,,,,,,,,,,,,
2025-08-19T15:19:01.635127,10.0,-62.0,37.0,51.0,89.0,3.0,8.0,-2.0,-21.0,45.0,-18.0,-35.0,,,,,,,,,,,,
2025-08-19T15:19:01.639472,41.0,-5.0,60.0,-21.0,53.0,-64.0,1.0,37.0,-33.0,48.0,-11.0,-21.0,,,,,,,,,,,,
2025-08-19T15:19:01.647501,-12.0,6.0,64.0,-21.0,41.0,-22.0,19.0,-9.0,-28.0,62.0,37.0,7.0,,,,,,,,,,,,
2025-08-19T15:19:01.651756,-9.0,13.0,75.0,57.0,-12.0,2.0,-105.0,36.0,-13.0,4.0,-10.0,-5.0,,,,,,,,,,,,
2025-08-19T15:19:01.659760,16.0,-27.0,59.0,22.0,-14.0,-18.0,-3.0,-24.0,51.0,107.0,45.0,-7.0,,,,,,,,,,,,
2025-08-19T15:19:01.665657,-31.0,86.0,48.0,-37.0,35.0,99.0,-89.0,-18.0,-13.0,68.0,-45.0,39.0,,,,,,,,,,,,
2025-08-19T15:19:01.671843,7.0,-19.0,-34.0,26.0,99.0,-36.0,-14.0,-14.0,9.0,32.0,-53.0,50.0,,,,,,,,,,,,
2025-08-19T15:19:01.676476,31.0,20.0,-13.0,-80.0,72.0,20.0,8.0,37.0,40.0,96.0,36.0,69.0,,,,,,,,,,,,
2025-08-19T15:19:01.684251,64.0,-19.0,-15.0,6.0,44.0,-45.0,-13.0,-62.0,44.0,8.0,8.0,48.0,,,,,,,,,,,,
2025-08-19T15:19:01.688935,15.0,-55.0,-42.0,-4.0,67.0,-18.0,13.0,-22.0,15.0,47.0,21.0,17.0,,,,,,,,,,,,
2025-08-19T15:19:01.696483,48.0,-32.0,10.0,20.0,-1.0,79.0,71.0,-11.0,29.0,29.0,23.0,42.0,,,,,,,,,,,,
2025-08-19T15:19:01.701111,56.0,-33.0,54.0,31.0,25.0,84.0,-37.0,-11.0,14.0,41.0,9.0,-5.0,,,,,,,,,,,,
2025-08-19T15:19:01.708708,-5.0,-18.0,30.0,35.0,15.0,28.0,-23.0,1.0,-22.0,73.0,-12.0,-7.0,,,,,,,,,,,,
2025-08-19T15:19:01.713375,28.0,-34.0,97.0,-13.0,87.0,17.0,5.0,22.0,35.0,-21.0,-31.0,12.0,,,,,,,,,,,,
2025-08-19T15:19:01.720862,8.0,10.0,7.0,46.0,48.0,-30.0,57.0,32.0,-3.0,13.0,11.0,39.0,,,,,,,,,,,,
2025-08-19T15:19:01.725572,-33.0,75.0,27.0,21.0,94.0,-63.0,14.0,-17.0,-9.0,12.0,-31.0,10.0,,,,,,,,,,,,
2025-08-19T15:19:01.733256,-48.0,-3.0,-18.0,-34.0,52.0,-39.0,-12.0,69.0,22.0,94.0,26.0,72.0,,,,,,,,,,,,
2025-08-19T15:19:01.737968,55.0,16.0,-24.0,98.0,-15.0,32.0,-99.0,-10.0,24.0,88.0,-37.0,59.0,,,,,,,,,,,,
2025-08-19T15:19:01.745321,43.0,-68.0,-63.0,-14.0,22.0,-8.0,-6.0,1.0,7.0,141.0,53.0,33.0,,,,,,,,,,,,
2025-08-19T15:19:01.750242,41.0,-64.0,-38.0,-20.0,-95.0,-62.0,-22.0,45.0,51.0,41.0,-38.0,-10.0,,,,,,,,,,,,
2025-08-19T15:19:01.757542,89.0,-89.0,25.0,25.0,11.0,115.0,29.0,-6.0,64.0,69.0,-1.0,30.0,,,,,,,,,,,,
2025-08-19T15:19:01.762237,22.0,-34.0,5.0,16.0,73.0,0.0,15.0,-18.0,55.0,63.0,2.0,-9.0,,,,,,,,,,,,
2025-08-19T15:19:01.770023,50.0,-34.0,-7.0,-13.0,57.0,-87.0,-17.0,-20.0,41.0,32.0,-53.0,4.0,,,,,,,,,,,,
2025-08-19T15:19:01.774592,78.0,5.0,53.0,52.0,57.0,-64.0,-59.0,-7.0,55.0,65.0,-16.0,79.0,,,,,,,,,,,,
2025-08-19T15:19:01.778691,15.0,-2.0,18.0,4.0,36.0,-65.0,-31.0,-47.0,-34.0,87.0,-40.0,31.0,,,,,,,,,,,,
2025-08-19T15:19:01.786908,76.0,17.0,31.0,50.0,13.0,-42.0,3.0,-54.0,-27.0,62.0,75.0,10.0,,,,,,,,,,,,
2025-08-19T15:19:01.791529,-1.0,-24.0,56.0,19.0,42.0,65.0,20.0,-16.0,34.0,46.0,-28.0,-3.0,,,,,,,,,,,,
2025-08-19T15:19:01.798749,-20.0,-74.0,-5.0,0.0,91.0,4.0,31.0,8.0,56.0,59.0,-47.0,38.0,,,,,,,,,,,,
2025-08-19T15:19:01.803239,-10.0,-74.0,17.0,22.0,79.0,0.0,-39.0,-26.0,0.0,43.0,-80.0,14.0,,,,,,,,,,,,
2025-08-19T15:19:01.811429,42.0,-31.0,57.0,-46.0,52.0,-31.0,-47.0,-32.0,-12.0,85.0,-38.0,50.0,,,,,,,,,,,,
2025-08-19T15:19:01.815704,6.0,46.0,-54.0,5.0,118.0,-35.0,-50.0,-21.0,9.0,80.0,3.0,47.0,,,,,,,,,,,,
2025-08-19T15:19:01.823128,30.0,46.0,36.0,85.0,-4.0,-27.0,-95.0,34.0,24.0,32.0,-8.0,58.0,,,,,,,,,,,,
2025-08-19T15:19:01.827436,31.0,109.0,-18.0,14.0,-60.0,34.0,-7.0,15.0,54.0,37.0,7.0,14.0,,,,,,,,,,,,
2025-08-19T15:19:01.835386,68.0,25.0,-7.0,-27.0,13.0,22.0,-4.0,32.0,45.0,43.0,27.0,47.0,,,,,,,,,,,,
2025-08-19T15:19:01.839910,73.0,47.0,32.0,-36.0,-15.0,65.0,-40.0,72.0,26.0,62.0,37.0,-16.0,,,,,,,,,,,,
2025-08-19T15:19:01.847656,-7.0,-13.0,39.0,-78.0,78.0,-20.0,-74.0,77.0,9.0,62.0,-1.0,62.0,,,,,,,,,,,,
2025-08-19T15:19:01.852177,35.0,26.0,57.0,10.0,5.0,19.0,-23.0,-21.0,0.0,84.0,5.0,29.0,,,,,,,,,,,,
2025-08-19T15:19:01.859929,32.0,-63.0,53.0,18.0,108.0,-21.0,14.0,37.0,0.0,47.0,-34.0,2.0,,,,,,,,,,,,
2025-08-19T15:19:01.864692,25.0,30.0,92.0,-27.0,-28.0,-35.0,-44.0,-39.0,20.0,36.0,-9.0,30.0,,,,,,,,,,,,
2025-08-19T15:19:01.872273,19.0,98.0,27.0,55.0,15.0,-31.0,-30.0,-65.0,-28.0,35.0,-18.0,26.0,,,,,,,,,,,,
2025-08-19T15:19:01.876803,31.0,85.0,30.0,-23.0,-38.0,2.0,7.0,21.0,119.0,8.0,-24.0,63.0,,,,,,,,,,,,
2025-08-19T15:19:01.884567,-3.0,6.0,-26.0,4.0,2.0,-37.0,-71.0,61.0,-15.0,57.0,50.0,-10.0,,,,,,,,,,,,
2025-08-19T15:19:01.889391,44.0,75.0,-42.0,-49.0,80.0,5.0,-29.0,-10.0,-10.0,48.0,53.0,-28.0,,,,,,,,,,,,
2025-08-19T15:19:01.897170,13.0,-45.0,-16.0,23.0,32.0,-14.0,-37.0,47.0,52.0,48.0,-11.0,27.0,,,,,,,,,,,,
2025-08-19T15:19:01.901846,48.0,-39.0,68.0,38.0,-12.0,-27.0,-65.0,64.0,54.0,6.0,-68.0,12.0,,,,,,,,,,,,
2025-08-19T15:19:01.909518,64.0,-6.0,35.0,121.0,-6.0,-32.0,-25.0,42.0,-26.0,26.0,-24.0,36.0,,,,,,,,,,,,
2025-08-19T15:19:01.914039,42.0,-57.0,130.0,-64.0,61.0,18.0,30.0,14.0,14.0,54.0,82.0,25.0,,,,,,,,,,,,
2025-08-19T15:19:01.921571,16.0,1.0,85.0,-99.0,73.0,18.0,36.0,55.0,21.0,51.0,35.0,-22.0,,,,,,,,,,,,
2025-08-19T15:19:01.926277,-12.0,-18.0,57.0,-45.0,53.0,49.0,22.0,47.0,-10.0,115.0,4.0,71.0,,,,,,,,,,,,
2025-08-19T15:19:01.933851,-30.0,77.0,-52.0,0.0,96.0,36.0,-27.0,20.0,44.0,-29.0,-17.0,11.0,,,,,,,,,,,,
2025-08-19T15:19:01.938662,-6.0,74.0,-32.0,-30.0,169.0,16.0,54.0,-33.0,41.0,84.0,10.0,83.0,,,,,,,,,,,,
2025-08-19T15:19:01.946291,74.0,-49.0,19.0,-16.0,10.0,-39.0,1.0,-10.0,19.0,25.0,-3.0,-10.0,,,,,,,,,,,,
2025-08-19T15:19:01.950966,25.0,-17.0,47.0,-35.0,15.0,-8.0,-68.0,-24.0,31.0,58.0,-22.0,-2.0,,,,,,,,,,,,
2025-08-19T15:19:01.958399,-16.0,29.0,71.0,-31.0,-22.0,-21.0,1.0,47.0,35.0,57.0,-6.0,83.0,,,,,,,,,,,,
2025-08-19T15:19:01.963323,28.0,23.0,61.0,40.0,89.0,10.0,-33.0,10.0,-36.0,38.0,-39.0,79.0,,,,,,,,,,,,
2025-08-19T15:19:01.970499,-27.0,105.0,80.0,-22.0,63.0,-45.0,38.0,65.0,34.0,71.0,-31.0,29.0,,,,,,,,,,,,
2025-08-19T15:19:01.975324,38.0,13.0,1.0,-43.0,116.0,18.0,-40.0,18.0,31.0,8.0,-24.0,44.0,,,,,,,,,,,,
2025-08-19T15:19:01.982920,-29.0,45.0,22.0,88.0,17.0,-39.0,-3.0,-4.0,33.0,59.0,-27.0,136.0,,,,,,,,,,,,
2025-08-19T15:19:01.987750,17.0,-66.0,8.0,22.0,58.0,-39.0,-17.0,-18.0,19.0,99.0,1.0,110.0,,,,,,,,,,,,
2025-08-19T15:19:01.995090,88.0,-15.0,46.0,-17.0,-9.0,35.0,4.0,-31.0,51.0,68.0,-15.0,137.0,,,,,,,,,,,,
2025-08-19T15:19:01.999783,42.0,-35.0,83.0,-36.0,56.0,74.0,-42.0,-16.0,87.0,127.0,26.0,132.0,,,,,,,,,,,,
2025-08-19T15:19:02.007417,42.0,-33.0,95.0,-12.0,48.0,-94.0,-4.0,-19.0,75.0,97.0,-62.0,78.0,,,,,,,,,,,,
2025-08-19T15:19:02.012161,9.0,-41.0,114.0,14.0,25.0,-61.0,-40.0,-15.0,63.0,122.0,-11.0,107.0,,,,,,,,,,,,
2025-08-19T15:19:02.019708,-25.0,7.0,105.0,38.0,101.0,-105.0,-39.0,-46.0,92.0,56.0,-64.0,129.0,,,,,,,,,,,,
2025-08-19T15:19:02.024117,-20.0,27.0,10.0,34.0,23.0,7.0,6.0,22.0,11.0,53.0,7.0,122.0,,,,,,,,,,,,
2025-08-19T15:19:02.031930,-6.0,-10.0,-14.0,57.0,30.0,21.0,-66.0,115.0,28.0,3.0,-34.0,65.0,,,,,,,,,,,,
2025-08-19T15:19:02.036515,48.0,72.0,-17.0,15.0,58.0,42.0,12.0,9.0,-21.0,107.0,7.0,25.0,,,,,,,,,,,,
2025-08-19T15:19:02.044385,110.0,-74.0,26.0,-57.0,46.0,-19.0,0.0,37.0,75.0,54.0,10.0,-11.0,,,,,,,,,,,,
2025-08-19T15:19:02.048866,62.0,-58.0,40.0,4.0,118.0,-4.0,56.0,28.0,66.0,77.0,30.0,77.0,,,,,,,,,,,,
2025-08-19T15:19:02.056604,49.0,-68.0,120.0,45.0,61.0,-61.0,-20.0,-38.0,22.0,92.0,-23.0,60.0,,,,,,,,,,,,
2025-08-19T15:19:02.061080,0.0,-17.0,90.0,34.0,63.0,6.0,66.0,-4.0,8.0,50.0,29.0,101.0,,,,,,,,,,,,
2025-08-19T15:19:02.065732,23.0,-27.0,85.0,-25.0,33.0,10.0,35.0,27.0,-14.0,58.0,-35.0,62.0,,,,,,,,,,,,
2025-08-19T15:19:02.073729,-22.0,12.0,56.0,2.0,47.0,-24.0,-88.0,100.0,43.0,49.0,-22.0,99.0,,,,,,,,,,,,
2025-08-19T15:19:02.077932,-30.0,29.0,11.0,-48.0,30.0,23.0,20.0,-9.0,61.0,15.0,-45.0,36.0,,,,,,,,,,,,
2025-08-19T15:19:02.085647,98.0,28.0,45.0,-36.0,38.0,39.0,-31.0,39.0,42.0,51.0,16.0,40.0,,,,,,,,,,,,
2025-08-19T15:19:02.090053,11.0,-45.0,80.0,-60.0,8.0,-30.0,-16.0,60.0,11.0,52.0,-3.0,83.0,,,,,,,,,,,,
2025-08-19T15:19:02.097850,69.0,-47.0,10.0,77.0,86.0,44.0,24.0,-45.0,-48.0,86.0,-10.0,95.0,,,,,,,,,,,,
2025-08-19T15:19:02.102323,-14.0,1.0,33.0,33.0,85.0,-103.0,-22.0,-47.0,28.0,74.0,58.0,86.0,,,,,,,,,,,,
2025-08-19T15:19:02.110263,74.0,-12.0,104.0,50.0,48.0,-67.0,-9.0,64.0,-14.0,74.0,28.0,69.0,,,,,,,,,,,,
2025-08-19T15:19:02.114551,-19.0,24.0,54.0,-25.0,5.0,41.0,7.0,-5.0,-17.0,50.0,-26.0,116.0,,,,,,,,,,,,
2025-08-19T15:19:02.122512,-42.0,22.0,92.0,27.0,17.0,14.0,38.0,-8.0,3.0,145.0,-10.0,106.0,,,,,,,,,,,,
2025-08-19T15:19:02.126941,-30.0,39.0,73.0,73.0,109.0,-13.0,13.0,108.0,-39.0,67.0,-24.0,79.0,,,,,,,,,,,,
2025-08-19T15:19:02.134866,130.0,52.0,65.0,-12.0,78.0,-58.0,115.0,-16.0,46.0,85.0,-2.0,42.0,,,,,,,,,,,,
2025-08-19T15:19:02.139136,77.0,6.0,33.0,106.0,25.0,-52.0,3.0,65.0,25.0,58.0,43.0,59.0,,,,,,,,,,,,
2025-08-19T15:19:02.147015,100.0,-48.0,63.0,4.0,18.0,16.0,-6.0,-39.0,14.0,95.0,-3.0,74.0,,,,,,,,,,,,
2025-08-19T15:19:02.151426,40.0,-52.0,67.0,30.0,75.0,6.0,-6.0,22.0,74.0,40.0,-2.0,112.0,,,,,,,,,,,,
2025-08-19T15:19:02.159189,2.0,-39.0,81.0,33.0,15.0,-48.0,28.0,-14.0,13.0,24.0,-1.0,111.0,,,,,,,,,,,,
2025-08-19T15:19:02.164922,48.0,-2.0,123.0,-16.0,26.0,4.0,-6.0,0.0,75.0,70.0,0.0,136.0,,,,,,,,,,,,
2025-08-19T15:19:02.171494,80.0,-9.0,32.0,29.0,-23.0,38.0,-2.0,-29.0,53.0,58.0,33.0,27.0,,,,,,,,,,,,
2025-08-19T15:19:02.176183,-42.0,-79.0,99.0,33.0,52.0,13.0,-53.0,29.0,-13.0,46.0,3.0,47.0,,,,,,,,,,,,
2025-08-19T15:19:02.183764,28.0,-42.0,48.0,44.0,37.0,-93.0,12.0,23.0,88.0,193.0,52.0,66.0,,,,,,,,,,,,
2025-08-19T15:19:02.188423,-50.0,56.0,57.0,-29.0,28.0,-69.0,-50.0,39.0,106.0,80.0,9.0,176.0,,,,,,,,,,,,
2025-08-19T15:19:02.195987,42.0,69.0,29.0,39.0,56.0,16.0,-40.0,64.0,81.0,70.0,-50.0,56.0,,,,,,,,,,,,
2025-08-19T15:19:02.200804,27.0,19.0,-12.0,24.0,62.0,16.0,-26.0,-22.0,55.0,143.0,37.0,43.0,,,,,,,,,,,,
2025-08-19T15:19:02.208336,21.0,-55.0,26.0,-60.0,41.0,8.0,-24.0,54.0,-6.0,87.0,21.0,65.0,,,,,,,,,,,,
2025-08-19T15:19:02.213101,90.0,-4.0,46.0,-21.0,69.0,-36.0,-10.0,45.0,60.0,76.0,19.0,35.0,,,,,,,,,,,,
2025-08-19T15:19:02.220613,77.0,-7.0,96.0,-35.0,46.0,75.0,1.0,21.0,60.0,112.0,-20.0,88.0,,,,,,,,,,,,
2025-08-19T15:19:02.225155,23.0,-38.0,87.0,10.0,105.0,21.0,68.0,18.0,54.0,128.0,19.0,80.0,,,,,,,,,,,,
2025-08-19T15:19:02.232764,26.0,3.0,79.0,35.0,57.0,14.0,25.0,-84.0,78.0,103.0,-47.0,84.0,,,,,,,,,,,,
2025-08-19T15:19:02.237655,15.0,16.0,53.0,74.0,42.0,-31.0,49.0,-41.0,76.0,125.0,-11.0,84.0,,,,,,,,,,,,
2025-08-19T15:19:02.245193,14.0,44.0,15.0,49.0,-12.0,28.0,78.0,-24.0,14.0,50.0,31.0,71.0,,,,,,,,,,,,
2025-08-19T15:19:02.249906,24.0,31.0,7.0,12.0,-35.0,56.0,43.0,-19.0,61.0,80.0,-76.0,82.0,,,,,,,,,,,,
2025-08-19T15:19:02.257390,30.0,-30.0,20.0,-25.0,28.0,49.0,5.0,59.0,0.0,87.0,-13.0,56.0,,,,,,,,,,,,
2025-08-19T15:19:02.261934,36.0,12.0,-14.0,14.0,61.0,-39.0,39.0,4.0,96.0,141.0,8.0,51.0,,,,,,,,,,,,
2025-08-19T15:19:02.266187,2.0,15.0,12.0,58.0,35.0,-68.0,19.0,24.0,54.0,38.0,7.0,70.0,,,,,,,,,,,,
2025-08-19T15:19:02.274400,99.0,-33.0,-4.0,23.0,20.0,-67.0,47.0,18.0,33.0,128.0,-6.0,100.0,,,,,,,,,,,,
2025-08-19T15:19:02.281904,32.0,-76.0,84.0,10.0,76.0,18.0,2.0,-38.0,2.0,68.0,-20.0,89.0,,,,,,,,,,,,
2025-08-19T15:19:02.286561,45.0,-70.0,54.0,19.0,54.0,20.0,10.0,72.0,41.0,47.0,30.0,52.0,,,,,,,,,,,,
2025-08-19T15:19:02.294129,-31.0,-71.0,119.0,42.0,-21.0,22.0,-26.0,35.0,114.0,118.0,4.0,56.0,,,,,,,,,,,,
2025-08-19T15:19:02.298837,-15.0,28.0,84.0,-7.0,37.0,38.0,8.0,44.0,119.0,91.0,14.0,92.0,,,,,,,,,,,,
2025-08-19T15:19:02.306418,-38.0,-7.0,80.0,-31.0,36.0,-47.0,-30.0,19.0,20.0,63.0,34.0,116.0,,,,,,,,,,,,
2025-08-19T15:19:02.310947,-37.0,6.0,8.0,51.0,97.0,-12.0,-88.0,39.0,58.0,50.0,-82.0,96.0,,,,,,,,,,,,
2025-08-19T15:19:02.315225,-46.0,31.0,18.0,51.0,16.0,-20.0,-55.0,20.0,63.0,108.0,86.0,45.0,,,,,,,,,,,,
2025-08-19T15:19:02.323491,47.0,37.0,28.0,60.0,-15.0,-5.0,-90.0,-19.0,-1.0,89.0,-31.0,48.0,,,,,,,,,,,,
2025-08-19T15:19:02.327464,99.0,-34.0,40.0,-32.0,53.0,1.0,-106.0,18.0,50.0,96.0,-44.0,64.0,,,,,,,,,,,,
2025-08-19T15:19:02.335636,97.0,-48.0,64.0,-29.0,59.0,12.0,-12.0,92.0,40.0,85.0,-29.0,83.0,,,,,,,,,,,,
2025-08-19T15:19:02.339827,-20.0,-35.0,60.0,-17.0,105.0,-44.0,-63.0,0.0,69.0,120.0,5.0,87.0,,,,,,,,,,,,
2025-08-19T15:19:02.347834,-63.0,16.0,84.0,69.0,74.0,-41.0,-32.0,18.0,-23.0,47.0,9.0,141.0,,,,,,,,,,,,
2025-08-19T15:19:02.352009,17.0,34.0,-8.0,6.0,-3.0,-21.0,-58.0,67.0,-29.0,39.0,52.0,51.0,,,,,,,,,,,,
2025-08-19T15:19:02.359836,29.0,62.0,-27.0,41.0,99.0,-23.0,-55.0,55.0,7.0,90.0,-14.0,66.0,,,,,,,,,,,,
2025-08-19T15:19:02.364944,57.0,19.0,61.0,-25.0,112.0,18.0,8.0,5.0,24.0,111.0,27.0,56.0,,,,,,,,,,,,
2025-08-19T15:19:02.372153,64.0,16.0,2.0,73.0,92.0,24.0,-74.0,87.0,11.0,76.0,17.0,67.0,,,,,,,,,,,,
2025-08-19T15:19:02.376396,80.0,-60.0,30.0,-18.0,67.0,-30.0,-69.0,63.0,124.0,99.0,4.0,14.0,,,,,,,,,,,,
2025-08-19T15:19:02.384474,67.0,-54.0,85.0,-36.0,72.0,-63.0,23.0,18.0,92.0,70.0,25.0,36.0,,,,,,,,,,,,
2025-08-19T15:19:02.388716,-17.0,-29.0,97.0,34.0,82.0,-15.0,62.0,-16.0,4.0,89.0,18.0,125.0,,,,,,,,,,,,
2025-08-19T15:19:02.396613,-10.0,86.0,8.0,57.0,70.0,-19.0,-61.0,41.0,27.0,103.0,-9.0,99.0,,,,,,,,,,,,
2025-08-19T15:19:02.400970,27.0,-20.0,20.0,-30.0,35.0,29.0,-65.0,27.0,55.0,65.0,29.0,128.0,,,,,,,,,,,,
2025-08-19T15:19:02.408843,94.0,47.0,-23.0,-67.0,4.0,-14.0,14.0,23.0,-4.0,35.0,-6.0,58.0,,,,,,,,,,,,
2025-08-19T15:19:02.413267,21.0,-68.0,-54.0,27.0,94.0,-34.0,61.0,42.0,40.0,65.0,26.0,66.0,,,,,,,,,,,,
2025-08-19T15:19:02.421227,38.0,-13.0,50.0,57.0,34.0,-28.0,-19.0,-13.0,48.0,102.0,-3.0,75.0,,,,,,,,,,,,
2025-08-19T15:19:02.425728,21.0,-3.0,78.0,42.0,-19.0,28.0,13.0,-4.0,31.0,83.0,22.0,71.0,,,,,,,,,,,,
2025-08-19T15:19:02.433427,-5.0,-43.0,119.0,-35.0,34.0,-36.0,68.0,19.0,5.0,120.0,22.0,27.0,,,,,,,,,,,,
2025-08-19T15:19:02.438026,-5.0,34.0,30.0,52.0,43.0,-18.0,-51.0,62.0,27.0,103.0,16.0,60.0,,,,,,,,,,,,
2025-08-19T15:19:02.445762,1.0,-25.0,-23.0,69.0,32.0,66.0,-40.0,-36.0,55.0,10.0,32.0,74.0,,,,,,,,,,,,
2025-08-19T15:19:02.450355,119.0,-29.0,25.0,-24.0,-40.0,23.0,68.0,45.0,47.0,99.0,-79.0,92.0,,,,,,,,,,,,
2025-08-19T15:19:02.458140,26.0,-42.0,-12.0,38.0,62.0,53.0,-3.0,33.0,61.0,101.0,-13.0,84.0,,,,,,,,,,,,
2025-08-19T15:19:02.462917,77.0,-1.0,113.0,80.0,35.0,-28.0,13.0,50.0,-4.0,99.0,-42.0,54.0,,,,,,,,,,,,
2025-08-19T15:19:02.470394,18.0,43.0,63.0,28.0,14.0,-34.0,-23.0,-7.0,47.0,56.0,-42.0,21.0,,,,,,,,,,,,
2025-08-19T15:19:02.475082,50.0,20.0,67.0,52.0,52.0,-13.0,-38.0,26.0,100.0,64.0,6.0,77.0,,,,,,,,,,,,
2025-08-19T15:19:02.482814,-4.0,19.0,54.0,-65.0,-5.0,28.0,-40.0,-14.0,17.0,48.0,10.0,109.0,,,,,,,,,,,,
2025-08-19T15:19:02.487198,8.0,20.0,-40.0,-47.0,91.0,35.0,-15.0,-16.0,94.0,68.0,-30.0,47.0,,,,,,,,,,,,
2025-08-19T15:19:02.494919,-14.0,12.0,-49.0,73.0,38.0,5.0,15.0,44.0,66.0,88.0,12.0,120.0,,,,,,,,,,,,
2025-08-19T15:19:02.499663,39.0,7.0,4.0,46.0,37.0,-25.0,-19.0,23.0,124.0,9.0,15.0,72.0,,,,,,,,,,,,
2025-08-19T15:19:02.507158,48.0,-6.0,39.0,27.0,90.0,-12.0,48.0,-3.0,38.0,90.0,-18.0,103.0,,,,,,,,,,,,
2025-08-19T15:19:02.512166,44.0,61.0,-35.0,1.0,29.0,-16.0,-5.0,5.0,13.0,91.0,33.0,88.0,,,,,,,,,,,,
2025-08-19T15:19:02.519423,56.0,64.0,22.0,61.0,4.0,-5.0,46.0,-46.0,3.0,98.0,-26.0,55.0,,,,,,,,,,,,
2025-08-19T15:19:02.524028,54.0,35.0,17.0,22.0,59.0,19.0,32.0,32.0,32.0,70.0,-48.0,71.0,,,,,,,,,,,,
2025-08-19T15:19:02.531732,22.0,-72.0,-6.0,-17.0,47.0,26.0,15.0,-18.0,123.0,77.0,-50.0,46.0,,,,,,,,,,,,
2025-08-19T15:19:02.536463,128.0,-17.0,52.0,10.0,88.0,0.0,-62.0,18.0,47.0,99.0,16.0,71.0,,,,,,,,,,,,
2025-08-19T15:19:02.540476,-37.0,-69.0,12.0,0.0,40.0,-11.0,29.0,-45.0,84.0,54.0,55.0,43.0,,,,,,,,,,,,
2025-08-19T15:19:02.548723,-9.0,20.0,70.0,8.0,52.0,-64.0,-83.0,-39.0,63.0,74.0,27.0,105.0,,,,,,,,,,,,
2025-08-19T15:19:02.552815,-73.0,19.0,49.0,-7.0,33.0,-12.0,4.0,1.0,108.0,42.0,-59.0,62.0,,,,,,,,,,,,
2025-08-19T15:19:02.560871,-47.0,-5.0,-12.0,70.0,69.0,-3.0,24.0,31.0,71.0,68.0,-6.0,100.0,,,,,,,,,,,,
2025-08-19T15:19:02.565763,-10.0,29.0,73.0,24.0,40.0,56.0,21.0,-10.0,95.0,35.0,-49.0,55.0,,,,,,,,,,,,
2025-08-19T15:19:02.572966,46.0,30.0,4.0,8.0,71.0,-16.0,28.0,42.0,62.0,66.0,-70.0,93.0,,,,,,,,,,,,
2025-08-19T15:19:02.577362,83.0,6.0,43.0,-11.0,-7.0,27.0,-15.0,18.0,12.0,110.0,-63.0,32.0,,,,,,,,,,,,
2025-08-19T15:19:02.585342,-1.0,-31.0,49.0,49.0,69.0,-9.0,4.0,72.0,72.0,101.0,-1.0,12.0,,,,,,,,,,,,
2025-08-19T15:19:02.589692,78.0,-43.0,38.0,-25.0,38.0,-25.0,33.0,30.0,57.0,132.0,40.0,82.0,,,,,,,,,,,,
2025-08-19T15:19:02.597564,63.0,-54.0,50.0,-36.0,113.0,-67.0,3.0,29.0,47.0,34.0,-4.0,74.0,,,,,,,,,,,,
2025-08-19T15:19:02.601965,41.0,13.0,62.0,-53.0,81.0,21.0,-64.0,45.0,42.0,68.0,-50.0,96.0,,,,,,,,,,,,
2025-08-19T15:19:02.609949,-3.0,56.0,117.0,63.0,40.0,-87.0,-28.0,8.0,29.0,85.0,-10.0,79.0,,,,,,,,,,,,
2025-08-19T15:19:02.614391,-25.0,44.0,-4.0,52.0,-2.0,50.0,-91.0,44.0,58.0,166.0,-81.0,14.0,,,,,,,,,,,,
2025-08-19T15:19:02.621931,0.0,1.0,17.0,22.0,14.0,13.0,-4.0,11.0,11.0,42.0,20.0,80.0,,,,,,,,,,,,
2025-08-19T15:19:02.626799,78.0,-13.0,26.0,4.0,14.0,40.0,-11.0,61.0,43.0,61.0,-13.0,59.0,,,,,,,,,,,,
2025-08-19T15:19:02.634494,48.0,18.0,25.0,-16.0,66.0,-22.0,-22.0,15.0,54.0,49.0,-50.0,84.0,,,,,,,,,,,,
2025-08-19T15:19:02.639180,16.0,-55.0,97.0,-58.0,42.0,29.0,27.0,16.0,60.0,49.0,-33.0,84.0,,,,,,,,,,,,
2025-08-19T15:19:02.646706,6.0,25.0,70.0,-15.0,116.0,-35.0,-86.0,29.0,11.0,77.0,-44.0,85.0,,,,,,,,,,,,
2025-08-19T15:19:02.651062,-44.0,38.0,56.0,51.0,63.0,16.0,-86.0,5.0,24.0,56.0,21.0,69.0,,,,,,,,,,,,
2025-08-19T15:19:02.658767,18.0,48.0,3.0,72.0,15.0,41.0,-69.0,-8.0,2.0,82.0,-39.0,113.0,,,,,,,,,,,,
2025-08-19T15:19:02.664954,-73.0,51.0,82.0,10.0,10.0,67.0,46.0,44.0,97.0,74.0,-39.0,10.0,,,,,,,,,,,,
2025-08-19T15:19:02.670900,37.0,10.0,31.0,4.0,25.0,50.0,-20.0,38.0,74.0,88.0,-51.0,105.0,,,,,,,,,,,,
2025-08-19T15:19:02.676109,49.0,-48.0,63.0,15.0,-40.0,9.0,-48.0,28.0,-5.0,133.0,-15.0,119.0,,,,,,,,,,,,
2025-08-19T15:19:02.683272,64.0,-22.0,56.0,19.0,30.0,-62.0,-6.0,49.0,73.0,63.0,-19.0,34.0,,,,,,,,,,,,
2025-08-19T15:19:02.687993,41.0,-25.0,63.0,45.0,51.0,-43.0,-31.0,21.0,26.0,99.0,-42.0,53.0,,,,,,,,,,,,
2025-08-19T15:19:02.695479,19.0,38.0,35.0,30.0,45.0,-10.0,46.0,44.0,20.0,107.0,28.0,94.0,,,,,,,,,,,,
2025-08-19T15:19:02.700331,-24.0,18.0,19.0,28.0,30.0,40.0,-61.0,-9.0,83.0,54.0,-23.0,75.0,,,,,,,,,,,,
2025-08-19T15:19:02.708028,50.0,-41.0,104.0,20.0,47.0,72.0,21.0,36.0,82.0,140.0,46.0,110.0,,,,,,,,,,,,
2025-08-19T15:19:02.713061,70.0,5.0,105.0,-50.0,84.0,46.0,24.0,-13.0,73.0,126.0,14.0,142.0,,,,,,,,,,,,
2025-08-19T15:19:02.720353,107.0,5.0,31.0,33.0,119.0,39.0,15.0,-15.0,62.0,106.0,-8.0,77.0,,,,,,,,,,,,
2025-08-19T15:19:02.724946,23.0,-41.0,188.0,-2.0,42.0,64.0,-5.0,-32.0,73.0,151.0,-47.0,84.0,,,,,,,,,,,,
2025-08-19T15:19:02.732598,33.0,-44.0,99.0,121.0,-2.0,1.0,17.0,-58.0,90.0,126.0,26.0,43.0,,,,,,,,,,,,
2025-08-19T15:19:02.737336,113.0,47.0,120.0,116.0,6.0,61.0,23.0,32.0,66.0,159.0,-10.0,93.0,,,,,,,,,,,,
2025-08-19T15:19:02.744845,70.0,67.0,103.0,84.0,51.0,96.0,29.0,9.0,97.0,154.0,48.0,137.0,,,,,,,,,,,,
2025-08-19T15:19:02.749665,117.0,90.0,50.0,37.0,91.0,73.0,33.0,10.0,107.0,164.0,90.0,93.0,,,,,,,,,,,,
2025-08-19T15:19:02.757051,194.0,39.0,45.0,21.0,53.0,22.0,12.0,3.0,9.0,193.0,78.0,66.0,,,,,,,,,,,,
2025-08-19T15:19:02.761868,120.0,139.0,144.0,142.0,-9.0,53.0,106.0,37.0,72.0,215.0,54.0,63.0,,,,,,,,,,,,
2025-08-19T15:19:02.769537,90.0,60.0,95.0,69.0,97.0,79.0,68.0,-7.0,-2.0,244.0,77.0,104.0,,,,,,,,,,,,
2025-08-19T15:19:02.774284,109.0,100.0,88.0,98.0,0.0,112.0,142.0,45.0,-23.0,105.0,83.0,66.0,,,,,,,,,,,,
2025-08-19T15:19:02.781758,180.0,122.0,68.0,166.0,106.0,-59.0,75.0,65.0,69.0,143.0,166.0,63.0,,,,,,,,,,,,
2025-08-19T15:19:02.786564,167.0,139.0,123.0,204.0,55.0,-28.0,70.0,80.0,13.0,125.0,168.0,31.0,,,,,,,,,,,,
2025-08-19T15:19:02.794439,181.0,259.0,178.0,219.0,104.0,-4.0,18.0,85.0,-45.0,183.0,257.0,-53.0,,,,,,,,,,,,
2025-08-19T15:19:02.802184,221.0,206.0,83.0,221.0,151.0,-59.0,16.0,112.0,-102.0,241.0,220.0,-47.0,,,,,,,,,,,,
2025-08-19T15:19:02.807069,266.0,241.0,73.0,309.0,122.0,-85.0,91.0,105.0,-121.0,246.0,372.0,18.0,,,,,,,,,,,,
2025-08-19T15:19:02.814425,229.0,295.0,173.0,270.0,96.0,-84.0,46.0,76.0,-98.0,226.0,312.0,41.0,,,,,,,,,,,,
2025-08-19T15:19:02.819139,268.0,347.0,150.0,203.0,175.0,-147.0,54.0,49.0,-118.0,177.0,346.0,5.0,,,,,,,,,,,,
2025-08-19T15:19:02.826882,328.0,352.0,96.0,358.0,183.0,-90.0,59.0,61.0,-137.0,211.0,401.0,36.0,,,,,,,,,,,,
2025-08-19T15:19:02.831629,294.0,388.0,141.0,312.0,128.0,-89.0,68.0,179.0,-188.0,136.0,419.0,-18.0,,,,,,,,,,,,
2025-08-19T15:19:02.839137,308.0,419.0,137.0,361.0,212.0,-158.0,44.0,78.0,-223.0,248.0,486.0,44.0,,,,,,,,,,,,
2025-08-19T15:19:02.847052,327.0,394.0,89.0,387.0,261.0,-141.0,82.0,140.0,-244.0,237.0,395.0,-49.0,,,,,,,,,,,,
2025-08-19T15:19:02.851601,306.0,428.0,225.0,448.0,225.0,-181.0,66.0,91.0,-217.0,248.0,392.0,-2.0,,,,,,,,,,,,
2025-08-19T15:19:02.859522,341.0,515.0,177.0,435.0,233.0,-125.0,51.0,119.0,-243.0,238.0,487.0,86.0,,,,,,,,,,,,
2025-08-19T15:19:02.864633,362.0,460.0,303.0,449.0,275.0,-127.0,0.0,185.0,-241.0,208.0,550.0,7.0,,,,,,,,,,,,
2025-08-19T15:19:02.871843,291.0,492.0,293.0,465.0,266.0,-169.0,25.0,251.0,-203.0,255.0,560.0,110.0,,,,,,,,,,,,
2025-08-19T15:19:02.879799,390.0,499.0,223.0,417.0,283.0,-117.0,91.0,93.0,-327.0,285.0,503.0,65.0,,,,,,,,,,,,
2025-08-19T15:19:02.884539,384.0,401.0,286.0,441.0,298.0,-171.0,-36.0,187.0,-274.0,215.0,500.0,76.0,,,,,,,,,,,,
2025-08-19T15:19:02.892721,377.0,526.0,214.0,518.0,288.0,-132.0,46.0,191.0,-240.0,225.0,620.0,25.0,,,,,,,,,,,,
2025-08-19T15:19:02.900390,406.0,443.0,321.0,481.0,335.0,-247.0,104.0,144.0,-304.0,321.0,558.0,29.0,,,,,,,,,,,,
2025-08-19T15:19:02.905244,282.0,524.0,188.0,446.0,288.0,-250.0,-2.0,160.0,-238.0,303.0,464.0,61.0,,,,,,,,,,,,
2025-08-19T15:19:02.912881,303.0,465.0,263.0,407.0,298.0,-228.0,23.0,115.0,-296.0,179.0,509.0,50.0,,,,,,,,,,,,
2025-08-19T15:19:02.917659,330.0,446.0,280.0,469.0,277.0,-165.0,-4.0,157.0,-251.0,251.0,563.0,9.0,,,,,,,,,,,,
2025-08-19T15:19:02.925446,313.0,521.0,222.0,375.0,306.0,-145.0,8.0,110.0,-232.0,309.0,593.0,51.0,,,,,,,,,,,,
2025-08-19T15:19:02.932947,392.0,432.0,161.0,502.0,265.0,-230.0,76.0,132.0,-285.0,224.0,531.0,17.0,,,,,,,,,,,,
2025-08-19T15:19:02.938047,314.0,355.0,290.0,489.0,201.0,-78.0,80.0,169.0,-235.0,221.0,499.0,103.0,,,,,,,,,,,,
2025-08-19T15:19:02.945691,297.0,467.0,250.0,370.0,343.0,-179.0,2.0,155.0,-288.0,207.0,522.0,95.0,,,,,,,,,,,,
2025-08-19T15:19:02.950403,363.0,480.0,216.0,491.0,288.0,-199.0,50.0,220.0,-303.0,233.0,564.0,7.0,,,,,,,,,,,,
2025-08-19T15:19:02.957876,329.0,398.0,250.0,443.0,265.0,-213.0,6.0,180.0,-280.0,276.0,567.0,91.0,,,,,,,,,,,,
2025-08-19T15:19:02.965856,284.0,530.0,227.0,499.0,261.0,-176.0,51.0,146.0,-212.0,284.0,486.0,29.0,,,,,,,,,,,,
2025-08-19T15:19:02.970863,310.0,375.0,316.0,411.0,271.0,-219.0,35.0,207.0,-311.0,232.0,522.0,111.0,,,,,,,,,,,,
2025-08-19T15:19:02.978439,281.0,539.0,205.0,455.0,218.0,-209.0,64.0,115.0,-298.0,201.0,532.0,29.0,,,,,,,,,,,,
2025-08-19T15:19:02.983196,306.0,454.0,233.0,391.0,310.0,-205.0,-2.0,129.0,-258.0,178.0,588.0,22.0,,,,,,,,,,,,
2025-08-19T15:19:02.990930,306.0,530.0,257.0,482.0,207.0,-139.0,1.0,131.0,-250.0,219.0,548.0,66.0,,,,,,,,,,,,
2025-08-19T15:19:02.998544,389.0,472.0,244.0,497.0,265.0,-185.0,50.0,58.0,-273.0,271.0,503.0,22.0,,,,,,,,,,,,
2025-08-19T15:19:03.003511,391.0,384.0,293.0,470.0,228.0,-130.0,29.0,110.0,-257.0,223.0,500.0,105.0,,,,,,,,,,,,
2025-08-19T15:19:03.011279,303.0,514.0,200.0,436.0,252.0,-196.0,-34.0,156.0,-252.0,208.0,587.0,76.0,,,,,,,,,,,,
2025-08-19T15:19:03.015817,384.0,464.0,240.0,519.0,193.0,-187.0,33.0,95.0,-276.0,228.0,516.0,25.0,,,,,,,,,,,,
2025-08-19T15:19:03.023643,289.0,481.0,288.0,434.0,280.0,-206.0,17.0,141.0,-245.0,246.0,580.0,43.0,,,,,,,,,,,,
2025-08-19T15:19:03.031515,311.0,472.0,227.0,450.0,336.0,-177.0,56.0,120.0,-361.0,265.0,497.0,61.0,,,,,,,,,,,,
2025-08-19T15:19:03.036268,294.0,425.0,260.0,357.0,306.0,-201.0,32.0,135.0,-245.0,207.0,566.0,69.0,,,,,,,,,,,,
2025-08-19T15:19:03.044029,307.0,486.0,246.0,499.0,250.0,-190.0,26.0,128.0,-300.0,198.0,569.0,54.0,,,,,,,,,,,,
2025-08-19T15:19:03.048894,306.0,426.0,288.0,401.0,212.0,-224.0,35.0,159.0,-276.0,215.0,470.0,4.0,,,,,,,,,,,,
2025-08-19T15:19:03.056622,279.0,471.0,283.0,405.0,249.0,-201.0,68.0,129.0,-296.0,236.0,425.0,102.0,,,,,,,,,,,,
2025-08-19T15:19:03.065002,385.0,420.0,221.0,361.0,305.0,-191.0,99.0,117.0,-287.0,236.0,601.0,100.0,,,,,,,,,,,,
2025-08-19T15:19:03.069101,322.0,373.0,301.0,448.0,170.0,-139.0,82.0,204.0,-308.0,211.0,605.0,34.0,,,,,,,,,,,,
2025-08-19T15:19:03.076790,316.0,453.0,316.0,449.0,246.0,-256.0,35.0,157.0,-183.0,260.0,509.0,62.0,,,,,,,,,,,,
2025-08-19T15:19:03.081587,319.0,467.0,213.0,440.0,250.0,-191.0,90.0,121.0,-239.0,263.0,534.0,61.0,,,,,,,,,,,,
2025-08-19T15:19:03.089458,317.0,412.0,274.0,498.0,289.0,-240.0,5.0,164.0,-356.0,157.0,629.0,113.0,,,,,,,,,,,,
2025-08-19T15:19:03.097135,320.0,486.0,265.0,476.0,176.0,-160.0,16.0,158.0,-301.0,189.0,526.0,23.0,,,,,,,,,,,,
2025-08-19T15:19:03.101886,332.0,417.0,312.0,417.0,309.0,-171.0,0.0,208.0,-277.0,256.0,493.0,5.0,,,,,,,,,,,,
2025-08-19T15:19:03.109542,306.0,507.0,231.0,474.0,217.0,-276.0,44.0,154.0,-252.0,214.0,525.0,40.0,,,,,,,,,,,,
2025-08-19T15:19:03.114506,354.0,434.0,259.0,425.0,204.0,-185.0,23.0,170.0,-292.0,231.0,638.0,64.0,,,,,,,,,,,,
2025-08-19T15:19:03.122117,368.0,461.0,309.0,393.0,221.0,-170.0,85.0,66.0,-205.0,162.0,641.0,50.0,,,,,,,,,,,,
2025-08-19T15:19:03.129884,299.0,452.0,264.0,410.0,292.0,-183.0,14.0,140.0,-273.0,301.0,539.0,35.0,,,,,,,,,,,,
2025-08-19T15:19:03.134716,366.0,484.0,228.0,342.0,269.0,-202.0,80.0,143.0,-321.0,236.0,482.0,84.0,,,,,,,,,,,,
2025-08-19T15:19:03.142411,262.0,440.0,256.0,506.0,216.0,-145.0,58.0,115.0,-265.0,211.0,547.0,75.0,,,,,,,,,,,,
2025-08-19T15:19:03.146885,279.0,450.0,233.0,449.0,290.0,-222.0,38.0,161.0,-342.0,214.0,643.0,91.0,,,,,,,,,,,,
2025-08-19T15:19:03.155038,353.0,483.0,258.0,454.0,196.0,-204.0,-6.0,161.0,-301.0,263.0,471.0,-11.0,,,,,,,,,,,,
2025-08-19T15:19:03.162595,281.0,431.0,283.0,445.0,278.0,-227.0,-9.0,59.0,-221.0,283.0,516.0,89.0,,,,,,,,,,,,
2025-08-19T15:19:03.167469,391.0,447.0,236.0,407.0,250.0,-256.0,64.0,198.0,-291.0,203.0,573.0,101.0,,,,,,,,,,,,
2025-08-19T15:19:03.175141,390.0,429.0,255.0,417.0,216.0,-205.0,-53.0,127.0,-305.0,259.0,560.0,48.0,,,,,,,,,,,,
2025-08-19T15:19:03.182826,321.0,491.0,232.0,465.0,313.0,-221.0,90.0,175.0,-260.0,249.0,507.0,47.0,,,,,,,,,,,,
2025-08-19T15:19:03.187804,384.0,398.0,185.0,443.0,265.0,-181.0,12.0,134.0,-278.0,244.0,531.0,99.0,,,,,,,,,,,,
2025-08-19T15:19:03.195512,305.0,524.0,240.0,413.0,262.0,-238.0,6.0,94.0,-270.0,202.0,555.0,66.0,,,,,,,,,,,,
2025-08-19T15:19:03.200167,364.0,406.0,162.0,448.0,233.0,-242.0,82.0,149.0,-273.0,222.0,591.0,12.0,,,,,,,,,,,,
2025-08-19T15:19:03.207967,310.0,487.0,260.0,438.0,271.0,-166.0,38.0,175.0,-231.0,302.0,508.0,8.0,,,,,,,,,,,,
2025-08-19T15:19:03.215699,269.0,436.0,240.0,439.0,238.0,-245.0,91.0,160.0,-260.0,289.0,560.0,103.0,,,,,,,,,,,,
2025-08-19T15:19:03.220707,315.0,448.0,201.0,399.0,244.0,-228.0,-3.0,126.0,-251.0,250.0,571.0,102.0,,,,,,,,,,,,
2025-08-19T15:19:03.228229,312.0,502.0,186.0,389.0,255.0,-240.0,50.0,119.0,-290.0,246.0,542.0,23.0,,,,,,,,,,,,
2025-08-19T15:19:03.232906,403.0,393.0,229.0,530.0,214.0,-184.0,-13.0,198.0,-321.0,198.0,505.0,51.0,,,,,,,,,,,,
2025-08-19T15:19:03.241326,302.0,442.0,178.0,441.0,196.0,-196.0,42.0,107.0,-230.0,231.0,568.0,73.0,,,,,,,,,,,,
2025-08-19T15:19:03.248458,367.0,358.0,317.0,395.0,185.0,-244.0,47.0,138.0,-251.0,218.0,632.0,53.0,,,,,,,,,,,,
2025-08-19T15:19:03.253288,300.0,526.0,200.0,453.0,293.0,-242.0,34.0,121.0,-274.0,91.0,597.0,22.0,,,,,,,,,,,,
2025-08-19T15:19:03.260979,344.0,392.0,198.0,408.0,267.0,-261.0,49.0,160.0,-282.0,277.0,610.0,-8.0,,,,,,,,,,,,
2025-08-19T15:19:03.265620,243.0,450.0,289.0,459.0,210.0,-203.0,51.0,92.0,-211.0,194.0,497.0,65.0,,,,,,,,,,,,
2025-08-19T15:19:03.273702,310.0,499.0,180.0,408.0,291.0,-233.0,22.0,127.0,-286.0,295.0,528.0,86.0,,,,,,,,,,,,
2025-08-19T15:19:03.281398,371.0,375.0,301.0,399.0,202.0,-251.0,41.0,100.0,-219.0,249.0,510.0,70.0,,,,,,,,,,,,
2025-08-19T15:19:03.286069,256.0,496.0,216.0,458.0,206.0,-212.0,-2.0,189.0,-229.0,235.0,549.0,43.0,,,,,,,,,,,,
2025-08-19T15:19:03.293858,298.0,459.0,162.0,375.0,272.0,-255.0,26.0,166.0,-272.0,271.0,538.0,61.0,,,,,,,,,,,,
2025-08-19T15:19:03.298573,291.0,438.0,259.0,456.0,209.0,-252.0,38.0,176.0,-255.0,254.0,480.0,43.0,,,,,,,,,,,,
2025-08-19T15:19:03.306412,278.0,504.0,192.0,449.0,248.0,-242.0,53.0,118.0,-236.0,174.0,531.0,61.0,,,,,,,,,,,,
2025-08-19T15:19:03.314165,360.0,366.0,268.0,456.0,252.0,-243.0,7.0,153.0,-311.0,212.0,563.0,9.0,,,,,,,,,,,,
2025-08-19T15:19:03.318959,353.0,509.0,263.0,396.0,229.0,-218.0,39.0,145.0,-269.0,287.0,542.0,7.0,,,,,,,,,,,,
2025-08-19T15:19:03.326664,392.0,519.0,206.0,415.0,282.0,-273.0,89.0,145.0,-295.0,231.0,467.0,36.0,,,,,,,,,,,,
2025-08-19T15:19:03.331353,372.0,400.0,256.0,446.0,211.0,-206.0,41.0,111.0,-275.0,251.0,518.0,112.0,,,,,,,,,,,,
2025-08-19T15:19:03.339055,286.0,471.0,230.0,427.0,262.0,-206.0,46.0,159.0,-215.0,228.0,559.0,98.0,,,,,,,,,,,,
2025-08-19T15:19:03.346924,385.0,396.0,266.0,478.0,301.0,-257.0,-1.0,196.0,-291.0,169.0,577.0,24.0,,,,,,,,,,,,
2025-08-19T15:19:03.351668,320.0,449.0,296.0,458.0,249.0,-199.0,55.0,145.0,-308.0,313.0,580.0,23.0,,,,,,,,,,,,
2025-08-19T15:19:03.359446,320.0,475.0,167.0,481.0,223.0,-183.0,73.0,158.0,-348.0,250.0,480.0,81.0,,,,,,,,,,,,
2025-08-19T15:19:03.365740,354.0,378.0,296.0,357.0,314.0,-235.0,43.0,125.0,-301.0,226.0,544.0,71.0,,,,,,,,,,,,
2025-08-19T15:19:03.372005,355.0,474.0,231.0,471.0,223.0,-206.0,81.0,200.0,-274.0,222.0,584.0,6.0,,,,,,,,,,,,
2025-08-19T15:19:03.379795,359.0,326.0,173.0,448.0,232.0,-298.0,87.0,132.0,-268.0,299.0,638.0,55.0,,,,,,,,,,,,
2025-08-19T15:19:03.384467,252.0,436.0,263.0,431.0,235.0,-237.0,-17.0,162.0,-245.0,325.0,484.0,93.0,,,,,,,,,,,,
2025-08-19T15:19:03.392328,346.0,490.0,249.0,474.0,266.0,-267.0,59.0,151.0,-332.0,191.0,597.0,54.0,,,,,,,,,,,,
2025-08-19T15:19:03.397004,342.0,386.0,236.0,462.0,172.0,-212.0,36.0,98.0,-247.0,150.0,555.0,15.0,,,,,,,,,,,,
2025-08-19T15:19:03.404850,201.0,489.0,217.0,400.0,300.0,-260.0,27.0,135.0,-271.0,326.0,564.0,5.0,,,,,,,,,,,,
2025-08-19T15:19:03.412498,350.0,451.0,189.0,491.0,193.0,-217.0,44.0,120.0,-226.0,253.0,499.0,47.0,,,,,,,,,,,,
2025-08-19T15:19:03.417330,345.0,298.0,249.0,397.0,193.0,-252.0,67.0,173.0,-272.0,288.0,483.0,83.0,,,,,,,,,,,,
2025-08-19T15:19:03.425118,235.0,459.0,184.0,515.0,193.0,-169.0,24.0,215.0,-230.0,229.0,547.0,-4.0,,,,,,,,,,,,
2025-08-19T15:19:03.429568,411.0,403.0,183.0,448.0,278.0,-236.0,46.0,148.0,-300.0,167.0,586.0,27.0,,,,,,,,,,,,
2025-08-19T15:19:03.437667,297.0,375.0,274.0,445.0,165.0,-214.0,12.0,110.0,-301.0,291.0,564.0,31.0,,,,,,,,,,,,
2025-08-19T15:19:03.445318,312.0,454.0,142.0,420.0,315.0,-246.0,-16.0,153.0,-247.0,320.0,494.0,37.0,,,,,,,,,,,,
2025-08-19T15:19:03.450256,305.0,425.0,314.0,496.0,198.0,-172.0,42.0,255.0,-273.0,250.0,551.0,35.0,,,,,,,,,,,,
2025-08-19T15:19:03.457894,276.0,490.0,280.0,425.0,277.0,-236.0,24.0,109.0,-304.0,188.0,559.0,57.0,,,,,,,,,,,,
2025-08-19T15:19:03.465506,315.0,337.0,272.0,489.0,191.0,-213.0,88.0,178.0,-227.0,201.0,573.0,-4.0,,,,,,,,,,,,
2025-08-19T15:19:03.470558,296.0,460.0,273.0,403.0,240.0,-235.0,9.0,122.0,-278.0,257.0,552.0,99.0,,,,,,,,,,,,
2025-08-19T15:19:03.478111,331.0,461.0,169.0,421.0,181.0,-218.0,77.0,161.0,-278.0,207.0,440.0,76.0,,,,,,,,,,,,
2025-08-19T15:19:03.482760,371.0,340.0,272.0,416.0,265.0,-213.0,40.0,133.0,-226.0,251.0,598.0,8.0,,,,,,,,,,,,
2025-08-19T15:19:03.491267,249.0,477.0,200.0,453.0,255.0,-146.0,26.0,160.0,-243.0,325.0,496.0,-24.0,,,,,,,,,,,,
2025-08-19T15:19:03.498305,359.0,438.0,166.0,391.0,267.0,-317.0,72.0,127.0,-289.0,273.0,525.0,79.0,,,,,,,,,,,,
2025-08-19T15:19:03.503001,347.0,373.0,240.0,436.0,305.0,-183.0,-1.0,134.0,-306.0,135.0,558.0,5.0,,,,,,,,,,,,
2025-08-19T15:19:03.510802,334.0,440.0,232.0,303.0,251.0,-273.0,41.0,146.0,-322.0,263.0,533.0,39.0,,,,,,,,,,,,
2025-08-19T15:19:03.515589,322.0,402.0,111.0,471.0,303.0,-257.0,30.0,132.0,-336.0,283.0,547.0,-10.0,,,,,,,,,,,,
2025-08-19T15:19:03.523481,319.0,362.0,242.0,431.0,269.0,-201.0,16.0,142.0,-236.0,303.0,512.0,10.0,,,,,,,,,,,,
2025-08-19T15:19:03.531337,247.0,502.0,122.0,384.0,284.0,-243.0,-17.0,131.0,-261.0,205.0,600.0,51.0,,,,,,,,,,,,
2025-08-19T15:19:03.535975,362.0,433.0,193.0,431.0,267.0,-190.0,30.0,64.0,-256.0,143.0,500.0,-64.0,,,,,,,,,,,,
2025-08-19T15:19:03.543775,243.0,422.0,223.0,352.0,224.0,-234.0,47.0,155.0,-276.0,252.0,531.0,-67.0,,,,,,,,,,,,
2025-08-19T15:19:03.548368,402.0,449.0,75.0,358.0,164.0,-284.0,19.0,96.0,-267.0,244.0,503.0,10.0,,,,,,,,,,,,
2025-08-19T15:19:03.556092,314.0,370.0,116.0,410.0,152.0,-270.0,33.0,50.0,-304.0,113.0,423.0,15.0,,,,,,,,,,,,
2025-08-19T15:19:03.564917,202.0,426.0,145.0,430.0,253.0,-266.0,2.0,99.0,-241.0,133.0,463.0,-23.0,,,,,,,,,,,,
2025-08-19T15:19:03.568825,336.0,439.0,105.0,343.0,151.0,-206.0,65.0,127.0,-297.0,145.0,496.0,-129.0,,,,,,,,,,,,
2025-08-19T15:19:03.576595,319.0,347.0,203.0,327.0,175.0,-237.0,71.0,153.0,-273.0,255.0,418.0,-71.0,,,,,,,,,,,,
2025-08-19T15:19:03.581295,176.0,358.0,123.0,249.0,192.0,-162.0,-18.0,46.0,-220.0,256.0,430.0,-61.0,,,,,,,,,,,,
2025-08-19T15:19:03.588991,300.0,301.0,67.0,275.0,175.0,-173.0,58.0,163.0,-260.0,207.0,296.0,-54.0,,,,,,,,,,,,
2025-08-19T15:19:03.596637,189.0,272.0,103.0,312.0,134.0,-170.0,75.0,79.0,-241.0,179.0,404.0,-3.0,,,,,,,,,,,,
2025-08-19T15:19:03.601512,137.0,354.0,133.0,251.0,156.0,-65.0,107.0,141.0,-204.0,84.0,359.0,-89.0,,,,,,,,,,,,
2025-08-19T15:19:03.609176,287.0,180.0,37.0,242.0,153.0,-212.0,74.0,133.0,-145.0,211.0,335.0,-108.0,,,,,,,,,,,,
2025-08-19T15:19:03.614047,159.0,189.0,110.0,258.0,170.0,-82.0,80.0,74.0,-202.0,191.0,219.0,-26.0,,,,,,,,,,,,
2025-08-19T15:19:03.621655,170.0,244.0,45.0,188.0,180.0,-98.0,63.0,59.0,-107.0,131.0,269.0,28.0,,,,,,,,,,,,
2025-08-19T15:19:03.626119,174.0,184.0,46.0,176.0,216.0,-105.0,46.0,109.0,-83.0,162.0,290.0,11.0,,,,,,,,,,,,
2025-08-19T15:19:03.634202,120.0,155.0,142.0,242.0,150.0,-57.0,66.0,112.0,-188.0,138.0,195.0,-18.0,,,,,,,,,,,,
2025-08-19T15:19:03.641788,135.0,218.0,50.0,87.0,130.0,-72.0,82.0,78.0,-64.0,147.0,279.0,-73.0,,,,,,,,,,,,
2025-08-19T15:19:03.646548,119.0,134.0,41.0,192.0,106.0,-46.0,27.0,36.0,-112.0,181.0,141.0,-80.0,,,,,,,,,,,,
2025-08-19T15:19:03.654051,116.0,112.0,46.0,99.0,90.0,-39.0,46.0,79.0,-113.0,164.0,172.0,51.0,,,,,,,,,,,,
2025-08-19T15:19:03.658782,56.0,233.0,78.0,66.0,156.0,-102.0,9.0,139.0,-94.0,111.0,173.0,-2.0,,,,,,,,,,,,
2025-08-19T15:19:03.666713,133.0,176.0,86.0,155.0,143.0,-66.0,82.0,44.0,-81.0,100.0,183.0,-2.0,,,,,,,,,,,,
2025-08-19T15:19:03.671408,56.0,131.0,121.0,122.0,104.0,-42.0,45.0,-24.0,-76.0,19.0,185.0,18.0,,,,,,,,,,,,
2025-08-19T15:19:03.678996,6.0,99.0,143.0,63.0,150.0,-50.0,45.0,50.0,-63.0,129.0,247.0,12.0,,,,,,,,,,,,
2025-08-19T15:19:03.683351,50.0,115.0,-17.0,8.0,136.0,-59.0,122.0,88.0,-6.0,170.0,151.0,31.0,,,,,,,,,,,,
2025-08-19T15:19:03.691394,58.0,92.0,34.0,93.0,52.0,-54.0,-42.0,57.0,-82.0,147.0,99.0,12.0,,,,,,,,,,,,
2025-08-19T15:19:03.695550,79.0,-6.0,51.0,119.0,52.0,-17.0,16.0,79.0,8.0,141.0,114.0,20.0,,,,,,,,,,,,
2025-08-19T15:19:03.703658,35.0,62.0,84.0,91.0,-7.0,36.0,33.0,15.0,-84.0,122.0,39.0,-2.0,,,,,,,,,,,,
2025-08-19T15:19:03.707760,45.0,92.0,94.0,68.0,79.0,3.0,24.0,68.0,13.0,182.0,46.0,11.0,,,,,,,,,,,,
2025-08-19T15:19:03.716120,23.0,83.0,125.0,23.0,46.0,-71.0,34.0,39.0,-21.0,109.0,72.0,-23.0,,,,,,,,,,,,
2025-08-19T15:19:03.723610,15.0,129.0,28.0,67.0,87.0,-30.0,101.0,-31.0,-15.0,135.0,91.0,-28.0,,,,,,,,,,,,
2025-08-19T15:19:03.728123,100.0,99.0,43.0,36.0,79.0,28.0,79.0,43.0,21.0,101.0,80.0,62.0,,,,,,,,,,,,
2025-08-19T15:19:03.732393,94.0,83.0,84.0,30.0,131.0,-33.0,68.0,48.0,-5.0,148.0,28.0,25.0,,,,,,,,,,,,
2025-08-19T15:19:03.740353,48.0,32.0,80.0,85.0,13.0,32.0,29.0,29.0,16.0,97.0,50.0,95.0,,,,,,,,,,,,
2025-08-19T15:19:03.744696,-8.0,61.0,83.0,47.0,139.0,-57.0,31.0,50.0,-34.0,101.0,64.0,71.0,,,,,,,,,,,,
2025-08-19T15:19:03.752816,15.0,94.0,3.0,118.0,-27.0,-50.0,46.0,75.0,31.0,85.0,56.0,89.0,,,,,,,,,,,,
2025-08-19T15:19:03.756988,101.0,73.0,83.0,83.0,-4.0,-52.0,13.0,125.0,49.0,116.0,41.0,75.0,,,,,,,,,,,,
2025-08-19T15:19:03.765148,150.0,33.0,43.0,99.0,41.0,11.0,34.0,89.0,20.0,115.0,79.0,44.0,,,,,,,,,,,,
2025-08-19T15:19:03.772658,85.0,15.0,106.0,37.0,115.0,-14.0,43.0,88.0,39.0,154.0,16.0,81.0,,,,,,,,,,,,
2025-08-19T15:19:03.777417,64.0,23.0,68.0,9.0,114.0,0.0,43.0,2.0,-101.0,112.0,69.0,23.0,,,,,,,,,,,,
2025-08-19T15:19:03.785065,39.0,94.0,105.0,107.0,22.0,15.0,-6.0,-15.0,-17.0,131.0,5.0,18.0,,,,,,,,,,,,
2025-08-19T15:19:03.789875,14.0,126.0,-7.0,110.0,98.0,-2.0,40.0,-24.0,-14.0,115.0,55.0,45.0,,,,,,,,,,,,
2025-08-19T15:19:03.797181,88.0,37.0,94.0,71.0,84.0,17.0,69.0,-6.0,-9.0,102.0,-20.0,12.0,,,,,,,,,,,,
2025-08-19T15:19:03.802067,-30.0,65.0,13.0,78.0,17.0,9.0,64.0,121.0,-4.0,173.0,41.0,15.0,,,,,,,,,,,,
2025-08-19T15:19:03.809680,40.0,26.0,66.0,-26.0,-23.0,-34.0,-37.0,39.0,-16.0,101.0,129.0,78.0,,,,,,,,,,,,
2025-08-19T15:19:03.814266,84.0,-14.0,83.0,12.0,133.0,28.0,-14.0,22.0,16.0,100.0,57.0,9.0,,,,,,,,,,,,
2025-08-19T15:19:03.821907,72.0,104.0,124.0,59.0,119.0,-52.0,-29.0,50.0,-6.0,133.0,49.0,42.0,,,,,,,,,,,,
2025-08-19T15:19:03.826778,-14.0,104.0,31.0,52.0,64.0,-41.0,42.0,93.0,-4.0,137.0,39.0,50.0,,,,,,,,,,,,
2025-08-19T15:19:03.834118,40.0,66.0,29.0,113.0,96.0,-52.0,69.0,22.0,-31.0,113.0,64.0,22.0,,,,,,,,,,,,
2025-08-19T15:19:03.838888,74.0,20.0,12.0,90.0,44.0,-7.0,47.0,55.0,-75.0,103.0,32.0,70.0,,,,,,,,,,,,
2025-08-19T15:19:03.846441,111.0,6.0,112.0,71.0,12.0,-24.0,99.0,0.0,-53.0,174.0,43.0,51.0,,,,,,,,,,,,
2025-08-19T15:19:03.851387,44.0,-9.0,98.0,29.0,134.0,15.0,1.0,29.0,-42.0,152.0,69.0,27.0,,,,,,,,,,,,
2025-08-19T15:19:03.858860,33.0,136.0,80.0,83.0,46.0,-58.0,-1.0,49.0,-8.0,113.0,70.0,34.0,,,,,,,,,,,,
2025-08-19T15:19:03.864925,31.0,73.0,-56.0,53.0,140.0,-57.0,29.0,32.0,-24.0,116.0,69.0,32.0,,,,,,,,,,,,
2025-08-19T15:19:03.871195,13.0,87.0,28.0,78.0,20.0,-8.0,7.0,13.0,14.0,35.0,91.0,36.0,,,,,,,,,,,,
2025-08-19T15:19:03.876098,113.0,62.0,12.0,69.0,52.0,-24.0,-21.0,57.0,-32.0,99.0,54.0,47.0,,,,,,,,,,,,
2025-08-19T15:19:03.883461,58.0,11.0,47.0,60.0,66.0,50.0,65.0,23.0,-77.0,86.0,4.0,19.0,,,,,,,,,,,,
2025-08-19T15:19:03.888169,88.0,30.0,81.0,81.0,135.0,-75.0,-29.0,72.0,50.0,48.0,70.0,69.0,,,,,,,,,,,,
2025-08-19T15:19:03.892714,-19.0,0.0,86.0,78.0,99.0,24.0,1.0,43.0,17.0,93.0,78.0,40.0,,,,,,,,,,,,
2025-08-19T15:19:03.900464,40.0,-48.0,58.0,25.0,154.0,-102.0,32.0,22.0,-33.0,120.0,77.0,24.0,,,,,,,,,,,,
2025-08-19T15:19:03.907955,-25.0,97.0,15.0,98.0,48.0,-45.0,-49.0,-43.0,4.0,171.0,23.0,67.0,,,,,,,,,,,,
2025-08-19T15:19:03.913147,66.0,54.0,37.0,1.0,86.0,57.0,5.0,77.0,31.0,75.0,16.0,33.0,,,,,,,,,,,,
2025-08-19T15:19:03.920074,87.0,88.0,51.0,87.0,73.0,31.0,28.0,64.0,-3.0,125.0,64.0,41.0,,,,,,,,,,,,
2025-08-19T15:19:03.924760,93.0,110.0,22.0,-31.0,83.0,22.0,32.0,36.0,5.0,99.0,11.0,73.0,,,,,,,,,,,,
2025-08-19T15:19:03.932419,73.0,16.0,82.0,56.0,146.0,-68.0,11.0,55.0,-22.0,122.0,69.0,25.0,,,,,,,,,,,,
2025-08-19T15:19:03.936972,-6.0,35.0,73.0,69.0,46.0,10.0,63.0,51.0,-5.0,121.0,80.0,28.0,,,,,,,,,,,,
2025-08-19T15:19:03.944820,-15.0,61.0,81.0,71.0,65.0,-27.0,26.0,8.0,-47.0,127.0,14.0,29.0,,,,,,,,,,,,
2025-08-19T15:19:03.949605,58.0,87.0,39.0,55.0,135.0,-29.0,103.0,-38.0,-89.0,129.0,49.0,95.0,,,,,,,,,,,,
2025-08-19T15:19:03.956910,-9.0,102.0,54.0,-4.0,78.0,3.0,69.0,-36.0,51.0,127.0,32.0,-1.0,,,,,,,,,,,,
2025-08-19T15:19:03.961893,93.0,91.0,33.0,50.0,131.0,-26.0,43.0,-19.0,-21.0,130.0,27.0,7.0,,,,,,,,,,,,
2025-08-19T15:19:03.969463,58.0,40.0,16.0,-3.0,104.0,-114.0,1.0,0.0,-37.0,118.0,49.0,86.0,,,,,,,,,,,,
2025-08-19T15:19:03.974919,74.0,3.0,36.0,136.0,128.0,-65.0,12.0,-18.0,-57.0,93.0,92.0,-3.0,,,,,,,,,,,,
2025-08-19T15:19:03.981631,10.0,33.0,82.0,44.0,67.0,-60.0,60.0,0.0,-31.0,37.0,89.0,15.0,,,,,,,,,,,,
2025-08-19T15:19:03.986155,81.0,-1.0,49.0,92.0,9.0,71.0,26.0,34.0,23.0,114.0,70.0,64.0,,,,,,,,,,,,
2025-08-19T15:19:03.993914,-19.0,83.0,109.0,46.0,91.0,-26.0,40.0,43.0,7.0,122.0,126.0,76.0,,,,,,,,,,,,
2025-08-19T15:19:03.998685,8.0,128.0,57.0,42.0,84.0,-36.0,105.0,15.0,-28.0,83.0,95.0,60.0,,,,,,,,,,,,
2025-08-19T15:19:04.006024,1.0,157.0,47.0,64.0,115.0,21.0,21.0,78.0,47.0,89.0,93.0,42.0,,,,,,,,,,,,
2025-08-19T15:19:04.011002,86.0,125.0,76.0,66.0,71.0,-22.0,38.0,20.0,-33.0,101.0,128.0,5.0,,,,,,,,,,,,
2025-08-19T15:19:04.018564,42.0,51.0,-2.0,90.0,75.0,-128.0,81.0,4.0,-2.0,134.0,83.0,31.0,,,,,,,,,,,,
2025-08-19T15:19:04.023356,81.0,21.0,11.0,67.0,49.0,-38.0,14.0,-6.0,-29.0,190.0,32.0,36.0,,,,,,,,,,,,
2025-08-19T15:19:04.030814,65.0,88.0,41.0,51.0,30.0,60.0,-8.0,22.0,1.0,120.0,75.0,12.0,,,,,,,,,,,,
2025-08-19T15:19:04.035701,-13.0,-7.0,79.0,-19.0,102.0,7.0,71.0,74.0,-21.0,136.0,85.0,42.0,,,,,,,,,,,,
2025-08-19T15:19:04.043031,-8.0,93.0,47.0,42.0,153.0,-106.0,149.0,79.0,11.0,100.0,28.0,28.0,,,,,,,,,,,,
2025-08-19T15:19:04.047844,30.0,129.0,27.0,86.0,150.0,-12.0,33.0,17.0,14.0,113.0,19.0,40.0,,,,,,,,,,,,
2025-08-19T15:19:04.055485,65.0,54.0,13.0,66.0,40.0,-50.0,39.0,44.0,47.0,13.0,86.0,21.0,,,,,,,,,,,,
2025-08-19T15:19:04.060123,93.0,42.0,53.0,54.0,83.0,-2.0,-59.0,52.0,2.0,36.0,26.0,50.0,,,,,,,,,,,,
2025-08-19T15:19:04.067683,22.0,21.0,51.0,29.0,47.0,11.0,14.0,45.0,-89.0,25.0,54.0,5.0,,,,,,,,,,,,
2025-08-19T15:19:04.072425,47.0,66.0,40.0,12.0,86.0,-48.0,52.0,46.0,-7.0,40.0,52.0,72.0,,,,,,,,,,,,
2025-08-19T15:19:04.080056,19.0,41.0,48.0,122.0,30.0,-22.0,51.0,23.0,-83.0,-24.0,135.0,45.0,,,,,,,,,,,,
2025-08-19T15:19:04.084642,10.0,54.0,141.0,73.0,45.0,-72.0,21.0,29.0,-21.0,109.0,57.0,78.0,,,,,,,,,,,,
2025-08-19T15:19:04.092404,23.0,168.0,-28.0,59.0,88.0,-7.0,8.0,-9.0,-93.0,100.0,78.0,69.0,,,,,,,,,,,,
2025-08-19T15:19:04.097001,68.0,116.0,19.0,69.0,44.0,-22.0,41.0,-11.0,4.0,66.0,55.0,25.0,,,,,,,,,,,,
2025-08-19T15:19:04.104573,119.0,81.0,30.0,19.0,60.0,4.0,73.0,34.0,2.0,104.0,99.0,22.0,,,,,,,,,,,,
2025-08-19T15:19:04.109232,60.0,35.0,-12.0,54.0,108.0,-8.0,66.0,19.0,-72.0,84.0,65.0,68.0,,,,,,,,,,,,
2025-08-19T15:19:04.116801,127.0,41.0,100.0,77.0,49.0,-6.0,26.0,50.0,-17.0,54.0,74.0,26.0,,,,,,,,,,,,
2025-08-19T15:19:04.121611,37.0,40.0,88.0,106.0,18.0,-50.0,15.0,43.0,-16.0,84.0,91.0,4.0,,,,,,,,,,,,
2025-08-19T15:19:04.129199,48.0,78.0,66.0,73.0,103.0,-31.0,36.0,20.0,3.0,61.0,43.0,144.0,,,,,,,,,,,,
2025-08-19T15:19:04.133854,40.0,45.0,56.0,8.0,53.0,15.0,-25.0,60.0,-48.0,48.0,19.0,20.0,,,,,,,,,,,,
2025-08-19T15:19:04.141552,114.0,125.0,19.0,104.0,125.0,14.0,5.0,-22.0,-59.0,75.0,62.0,49.0,,,,,,,,,,,,
2025-08-19T15:19:04.146172,66.0,-9.0,49.0,30.0,124.0,10.0,68.0,-11.0,-31.0,69.0,106.0,10.0,,,,,,,,,,,,
2025-08-19T15:19:04.153642,40.0,25.0,83.0,22.0,74.0,-29.0,53.0,1.0,2.0,12.0,83.0,13.0,,,,,,,,,,,,
2025-08-19T15:19:04.158387,60.0,90.0,64.0,97.0,91.0,-46.0,20.0,-47.0,-8.0,32.0,118.0,34.0,,,,,,,,,,,,
2025-08-19T15:19:04.165867,40.0,-5.0,41.0,48.0,106.0,-57.0,41.0,41.0,1.0,73.0,79.0,65.0,,,,,,,,,,,,
2025-08-19T15:19:04.170756,42.0,91.0,82.0,83.0,80.0,-51.0,98.0,89.0,-18.0,47.0,10.0,-9.0,,,,,,,,,,,,
2025-08-19T15:19:04.178313,12.0,140.0,68.0,30.0,143.0,-33.0,33.0,26.0,5.0,30.0,112.0,78.0,,,,,,,,,,,,
2025-08-19T15:19:04.182976,31.0,72.0,7.0,-23.0,107.0,38.0,24.0,24.0,-20.0,-2.0,102.0,77.0,,,,,,,,,,,,
2025-08-19T15:19:04.190481,82.0,94.0,49.0,11.0,53.0,-53.0,-6.0,28.0,10.0,38.0,66.0,27.0,,,,,,,,,,,,
2025-08-19T15:19:04.195132,36.0,37.0,35.0,89.0,76.0,-19.0,139.0,32.0,-5.0,43.0,56.0,57.0,,,,,,,,,,,,
2025-08-19T15:19:04.202893,43.0,30.0,52.0,108.0,32.0,-24.0,55.0,-26.0,9.0,78.0,109.0,57.0,,,,,,,,,,,,
2025-08-19T15:19:04.207543,19.0,37.0,43.0,95.0,98.0,-40.0,78.0,66.0,-22.0,25.0,38.0,18.0,,,,,,,,,,,,
2025-08-19T15:19:04.215181,39.0,114.0,55.0,29.0,85.0,54.0,53.0,29.0,-2.0,56.0,88.0,25.0,,,,,,,,,,,,
2025-08-19T15:19:04.219819,-64.0,67.0,1.0,4.0,55.0,15.0,33.0,31.0,14.0,94.0,134.0,11.0,,,,,,,,,,,,
2025-08-19T15:19:04.227484,100.0,57.0,27.0,44.0,62.0,-31.0,24.0,28.0,6.0,70.0,65.0,64.0,,,,,,,,,,,,
2025-08-19T15:19:04.232102,24.0,43.0,-45.0,100.0,96.0,7.0,72.0,146.0,-68.0,57.0,68.0,80.0,,,,,,,,,,,,
2025-08-19T15:19:04.239580,108.0,1.0,47.0,77.0,40.0,-12.0,25.0,8.0,11.0,81.0,36.0,65.0,,,,,,,,,,,,
2025-08-19T15:19:04.244100,28.0,11.0,51.0,48.0,15.0,1.0,78.0,-5.0,9.0,98.0,90.0,37.0,,,,,,,,,,,,
2025-08-19T15:19:04.248424,70.0,80.0,21.0,20.0,19.0,7.0,41.0,84.0,-17.0,24.0,36.0,39.0,,,,,,,,,,,,
2025-08-19T15:19:04.257236,65.0,10.0,21.0,41.0,32.0,4.0,18.0,-16.0,-68.0,83.0,39.0,-10.0,,,,,,,,,,,,
2025-08-19T15:19:04.260922,17.0,96.0,44.0,29.0,48.0,-42.0,1.0,58.0,-72.0,52.0,82.0,52.0,,,,,,,,,,,,
2025-08-19T15:19:04.268873,34.0,73.0,41.0,88.0,86.0,-34.0,22.0,-12.0,-36.0,9.0,108.0,79.0,,,,,,,,,,,,
2025-08-19T15:19:04.273095,-13.0,69.0,-45.0,81.0,50.0,-41.0,43.0,23.0,-11.0,83.0,116.0,84.0,,,,,,,,,,,,
2025-08-19T15:19:04.281393,161.0,46.0,27.0,106.0,141.0,18.0,109.0,17.0,-11.0,37.0,103.0,79.0,,,,,,,,,,,,
2025-08-19T15:19:04.288797,153.0,34.0,59.0,79.0,95.0,45.0,25.0,34.0,-13.0,41.0,152.0,66.0,,,,,,,,,,,,
2025-08-19T15:19:04.293448,-5.0,10.0,119.0,48.0,72.0,-68.0,-4.0,-43.0,5.0,72.0,109.0,67.0,,,,,,,,,,,,
2025-08-19T15:19:04.301243,66.0,30.0,62.0,101.0,52.0,-104.0,-41.0,25.0,-1.0,90.0,67.0,77.0,,,,,,,,,,,,
2025-08-19T15:19:04.305905,27.0,59.0,24.0,15.0,83.0,-55.0,24.0,60.0,-36.0,131.0,108.0,78.0,,,,,,,,,,,,
2025-08-19T15:19:04.310294,48.0,85.0,-9.0,47.0,88.0,26.0,67.0,31.0,1.0,34.0,160.0,113.0,,,,,,,,,,,,
2025-08-19T15:19:04.318012,71.0,18.0,14.0,46.0,104.0,-22.0,4.0,16.0,-31.0,16.0,149.0,53.0,,,,,,,,,,,,
2025-08-19T15:19:04.325737,105.0,27.0,62.0,26.0,131.0,-11.0,106.0,39.0,21.0,44.0,157.0,92.0,,,,,,,,,,,,
2025-08-19T15:19:04.331001,-26.0,-31.0,76.0,-22.0,35.0,-13.0,88.0,-53.0,-1.0,114.0,97.0,86.0,,,,,,,,,,,,
2025-08-19T15:19:04.338161,10.0,99.0,142.0,92.0,74.0,-113.0,38.0,11.0,-28.0,54.0,82.0,32.0,,,,,,,,,,,,
2025-08-19T15:19:04.343384,25.0,128.0,-42.0,41.0,-34.0,4.0,32.0,59.0,-4.0,85.0,79.0,77.0,,,,,,,,,,,,
2025-08-19T15:19:04.350131,34.0,51.0,-53.0,57.0,16.0,-3.0,55.0,83.0,-5.0,59.0,86.0,22.0,,,,,,,,,,,,
2025-08-19T15:19:04.355135,78.0,130.0,-23.0,17.0,33.0,3.0,85.0,35.0,4.0,10.0,102.0,-13.0,,,,,,,,,,,,
2025-08-19T15:19:04.359165,70.0,10.0,-5.0,43.0,95.0,-7.0,62.0,12.0,40.0,66.0,93.0,72.0,,,,,,,,,,,,
2025-08-19T15:19:04.367099,48.0,0.0,35.0,20.0,52.0,19.0,-15.0,-10.0,12.0,-6.0,72.0,-7.0,,,,,,,,,,,,
2025-08-19T15:19:04.374837,116.0,30.0,4.0,-13.0,69.0,-56.0,8.0,-22.0,16.0,-6.0,-37.0,90.0,,,,,,,,,,,,
2025-08-19T15:19:04.379523,22.0,27.0,-15.0,-8.0,45.0,18.0,-53.0,17.0,56.0,-66.0,44.0,7.0,,,,,,,,,,,,
2025-08-19T15:19:04.383489,106.0,-7.0,66.0,4.0,18.0,-16.0,3.0,-11.0,34.0,0.0,20.0,9.0,,,,,,,,,,,,
2025-08-19T15:19:04.391651,73.0,9.0,60.0,78.0,-32.0,44.0,2.0,31.0,23.0,61.0,40.0,11.0,,,,,,,,,,,,
2025-08-19T15:19:04.395821,4.0,33.0,58.0,18.0,49.0,-22.0,-9.0,49.0,33.0,71.0,6.0,32.0,,,,,,,,,,,,
2025-08-19T15:19:04.403837,27.0,51.0,-43.0,28.0,91.0,-3.0,-10.0,-61.0,-1.0,142.0,4.0,29.0,,,,,,,,,,,,
2025-08-19T15:19:04.408202,-32.0,-45.0,48.0,-29.0,17.0,44.0,7.0,51.0,92.0,70.0,-17.0,1.0,,,,,,,,,,,,
2025-08-19T15:19:04.416129,-20.0,99.0,59.0,-1.0,100.0,-48.0,-35.0,49.0,18.0,128.0,5.0,58.0,,,,,,,,,,,,
2025-08-19T15:19:04.420580,-2.0,66.0,-45.0,0.0,27.0,-18.0,-20.0,-28.0,56.0,62.0,-36.0,25.0,,,,,,,,,,,,
2025-08-19T15:19:04.428385,-9.0,32.0,12.0,-37.0,26.0,-89.0,-36.0,34.0,45.0,98.0,-1.0,48.0,,,,,,,,,,,,
2025-08-19T15:19:04.433368,123.0,40.0,13.0,15.0,40.0,18.0,-56.0,13.0,66.0,83.0,-14.0,64.0,,,,,,,,,,,,
2025-08-19T15:19:04.441031,28.0,-19.0,-15.0,72.0,-14.0,39.0,-4.0,31.0,-47.0,26.0,10.0,7.0,,,,,,,,,,,,
2025-08-19T15:19:04.445557,61.0,11.0,14.0,-7.0,40.0,19.0,-18.0,47.0,-10.0,57.0,-27.0,11.0,,,,,,,,,,,,
2025-08-19T15:19:04.452899,27.0,-35.0,74.0,-22.0,15.0,30.0,7.0,95.0,-27.0,15.0,10.0,-11.0,,,,,,,,,,,,
2025-08-19T15:19:04.457810,44.0,27.0,35.0,32.0,92.0,-24.0,-52.0,28.0,-24.0,71.0,-57.0,-4.0,,,,,,,,,,,,
2025-08-19T15:19:04.465153,-51.0,-21.0,-15.0,9.0,58.0,-48.0,31.0,32.0,-40.0,73.0,42.0,71.0,,,,,,,,,,,,
2025-08-19T15:19:04.469921,41.0,14.0,-5.0,12.0,-25.0,5.0,-39.0,97.0,16.0,61.0,26.0,6.0,,,,,,,,,,,,
2025-08-19T15:19:04.477635,62.0,133.0,-32.0,68.0,27.0,39.0,-28.0,48.0,39.0,48.0,-34.0,16.0,,,,,,,,,,,,
2025-08-19T15:19:04.482197,80.0,-16.0,-20.0,25.0,60.0,19.0,53.0,9.0,5.0,50.0,83.0,36.0,,,,,,,,,,,,
2025-08-19T15:19:04.489732,47.0,-84.0,70.0,23.0,38.0,6.0,-16.0,-23.0,20.0,24.0,-19.0,83.0,,,,,,,,,,,,
2025-08-19T15:19:04.494476,47.0,-68.0,11.0,-51.0,93.0,-76.0,78.0,6.0,-30.0,89.0,-2.0,20.0,,,,,,,,,,,,
2025-08-19T15:19:04.502157,93.0,-24.0,-24.0,171.0,7.0,-49.0,-13.0,10.0,-23.0,100.0,13.0,48.0,,,,,,,,,,,,
2025-08-19T15:19:04.506720,-9.0,-37.0,19.0,37.0,26.0,-53.0,6.0,-35.0,-22.0,75.0,13.0,69.0,,,,,,,,,,,,
2025-08-19T15:19:04.514293,-6.0,42.0,40.0,53.0,2.0,-1.0,1.0,24.0,53.0,96.0,11.0,14.0,,,,,,,,,,,,
2025-08-19T15:19:04.519027,-30.0,-7.0,46.0,-5.0,1.0,26.0,63.0,-11.0,45.0,27.0,-17.0,30.0,,,,,,,,,,,,
2025-08-19T15:19:04.526609,6.0,-58.0,48.0,-68.0,37.0,35.0,-24.0,50.0,37.0,30.0,50.0,57.0,,,,,,,,,,,,
2025-08-19T15:19:04.531411,46.0,92.0,40.0,-22.0,23.0,47.0,31.0,28.0,-12.0,130.0,69.0,70.0,,,,,,,,,,,,
2025-08-19T15:19:04.538806,52.0,62.0,-24.0,14.0,1.0,-35.0,-22.0,-19.0,-20.0,54.0,54.0,25.0,,,,,,,,,,,,
2025-08-19T15:19:04.543642,101.0,86.0,36.0,34.0,97.0,-34.0,-57.0,-5.0,12.0,38.0,18.0,12.0,,,,,,,,,,,,
2025-08-19T15:19:04.551279,70.0,-18.0,-30.0,-4.0,71.0,-34.0,-48.0,19.0,-5.0,47.0,-78.0,31.0,,,,,,,,,,,,
2025-08-19T15:19:04.555861,4.0,-36.0,84.0,8.0,-21.0,-31.0,-50.0,40.0,-3.0,45.0,14.0,99.0,,,,,,,,,,,,
2025-08-19T15:19:04.563373,25.0,-44.0,22.0,36.0,37.0,31.0,-44.0,34.0,-57.0,53.0,-9.0,19.0,,,,,,,,,,,,
2025-08-19T15:19:04.567954,26.0,10.0,44.0,47.0,38.0,28.0,75.0,35.0,-9.0,85.0,33.0,39.0,,,,,,,,,,,,
2025-08-19T15:19:04.575730,32.0,85.0,23.0,-58.0,-5.0,-42.0,32.0,17.0,-19.0,70.0,-1.0,-43.0,,,,,,,,,,,,
2025-08-19T15:19:04.580262,2.0,80.0,-13.0,-30.0,15.0,-50.0,36.0,85.0,17.0,60.0,-12.0,17.0,,,,,,,,,,,,
2025-08-19T15:19:04.587959,24.0,95.0,-79.0,33.0,131.0,-23.0,51.0,100.0,0.0,49.0,61.0,32.0,,,,,,,,,,,,
2025-08-19T15:19:04.592641,0.0,-29.0,-27.0,60.0,18.0,-40.0,53.0,30.0,30.0,59.0,44.0,18.0,,,,,,,,,,,,
2025-08-19T15:19:04.600298,36.0,1.0,-1.0,45.0,22.0,16.0,-66.0,-15.0,-24.0,40.0,-52.0,41.0,,,,,,,,,,,,
2025-08-19T15:19:04.604850,26.0,-1.0,18.0,15.0,25.0,39.0,-29.0,9.0,-63.0,62.0,2.0,39.0,,,,,,,,,,,,
2025-08-19T15:19:04.612470,-51.0,-49.0,54.0,-41.0,-39.0,-36.0,-18.0,-5.0,38.0,97.0,3.0,46.0,,,,,,,,,,,,
2025-08-19T15:19:04.617052,11.0,73.0,80.0,2.0,80.0,87.0,-31.0,-49.0,4.0,-3.0,-33.0,0.0,,,,,,,,,,,,
2025-08-19T15:19:04.621242,16.0,67.0,66.0,41.0,65.0,18.0,43.0,-8.0,37.0,84.0,54.0,-15.0,,,,,,,,,,,,
2025-08-19T15:19:04.629348,-28.0,68.0,-11.0,-5.0,-47.0,-80.0,14.0,43.0,-19.0,82.0,9.0,-10.0,,,,,,,,,,,,
2025-08-19T15:19:04.633571,-1.0,2.0,45.0,38.0,54.0,22.0,26.0,-6.0,-1.0,35.0,32.0,-24.0,,,,,,,,,,,,
2025-08-19T15:19:04.641484,48.0,73.0,70.0,64.0,113.0,-43.0,48.0,-45.0,-38.0,-9.0,69.0,-3.0,,,,,,,,,,,,
2025-08-19T15:19:04.645862,-12.0,65.0,-50.0,39.0,-28.0,-53.0,15.0,28.0,-21.0,-23.0,59.0,-44.0,,,,,,,,,,,,
2025-08-19T15:19:04.653636,36.0,10.0,15.0,56.0,18.0,18.0,27.0,67.0,75.0,-66.0,103.0,-96.0,,,,,,,,,,,,
2025-08-19T15:19:04.657981,42.0,9.0,-30.0,-52.0,40.0,6.0,4.0,23.0,52.0,5.0,67.0,-24.0,,,,,,,,,,,,
2025-08-19T15:19:04.665924,41.0,2.0,-15.0,21.0,16.0,-53.0,-12.0,-33.0,-40.0,63.0,-34.0,-34.0,,,,,,,,,,,,
2025-08-19T15:19:04.670366,51.0,-29.0,31.0,24.0,72.0,23.0,-2.0,-54.0,6.0,-53.0,48.0,10.0,,,,,,,,,,,,
2025-08-19T15:19:04.678144,10.0,-64.0,2.0,-45.0,68.0,-8.0,-9.0,49.0,7.0,-32.0,37.0,-19.0,,,,,,,,,,,,
2025-08-19T15:19:04.683254,-52.0,-46.0,24.0,16.0,74.0,-24.0,-5.0,-12.0,74.0,-28.0,94.0,-6.0,,,,,,,,,,,,
2025-08-19T15:19:04.690577,-32.0,-41.0,13.0,61.0,26.0,-56.0,-45.0,32.0,61.0,21.0,69.0,-59.0,,,,,,,,,,,,
2025-08-19T15:19:04.695280,26.0,75.0,-24.0,45.0,33.0,-43.0,18.0,3.0,33.0,-59.0,60.0,-38.0,,,,,,,,,,,,
2025-08-19T15:19:04.702820,-19.0,82.0,7.0,101.0,-61.0,-29.0,3.0,23.0,27.0,-15.0,45.0,-34.0,,,,,,,,,,,,
2025-08-19T15:19:04.707529,69.0,12.0,-42.0,36.0,55.0,-26.0,-15.0,-39.0,10.0,-15.0,30.0,-15.0,,,,,,,,,,,,
2025-08-19T15:19:04.714981,38.0,-7.0,5.0,-30.0,43.0,-1.0,-31.0,2.0,-18.0,-3.0,-21.0,-60.0,,,,,,,,,,,,
2025-08-19T15:19:04.719842,51.0,18.0,-37.0,26.0,50.0,28.0,-37.0,56.0,57.0,26.0,49.0,-10.0,,,,,,,,,,,,
2025-08-19T15:19:04.727462,88.0,-4.0,35.0,12.0,76.0,-53.0,-2.0,47.0,-19.0,21.0,107.0,-38.0,,,,,,,,,,,,
2025-08-19T15:19:04.732074,-20.0,9.0,63.0,48.0,82.0,-55.0,-97.0,14.0,14.0,47.0,94.0,-34.0,,,,,,,,,,,,
2025-08-19T15:19:04.739460,1.0,92.0,54.0,47.0,36.0,-70.0,-7.0,9.0,45.0,20.0,18.0,-31.0,,,,,,,,,,,,
2025-08-19T15:19:04.744245,-27.0,37.0,12.0,19.0,34.0,-48.0,29.0,4.0,8.0,-33.0,53.0,-69.0,,,,,,,,,,,,
2025-08-19T15:19:04.751741,-45.0,67.0,68.0,40.0,3.0,-28.0,-68.0,35.0,19.0,67.0,47.0,-74.0,,,,,,,,,,,,
2025-08-19T15:19:04.756605,38.0,49.0,-58.0,48.0,68.0,-27.0,-5.0,20.0,-9.0,-7.0,81.0,-17.0,,,,,,,,,,,,
2025-08-19T15:19:04.764718,32.0,33.0,6.0,0.0,56.0,8.0,-48.0,-14.0,14.0,-27.0,23.0,-17.0,,,,,,,,,,,,
2025-08-19T15:19:04.768821,-7.0,59.0,-23.0,24.0,87.0,-32.0,-50.0,70.0,18.0,-54.0,120.0,-23.0,,,,,,,,,,,,
2025-08-19T15:19:04.776469,52.0,93.0,20.0,0.0,110.0,-57.0,-7.0,39.0,57.0,-10.0,62.0,-83.0,,,,,,,,,,,,
2025-08-19T15:19:04.781013,15.0,66.0,16.0,25.0,15.0,-19.0,-7.0,23.0,-2.0,-3.0,96.0,22.0,,,,,,,,,,,,
2025-08-19T15:19:04.788501,-5.0,3.0,-72.0,-18.0,-16.0,-80.0,18.0,12.0,23.0,-24.0,28.0,-16.0,,,,,,,,,,,,
2025-08-19T15:19:04.793284,89.0,-55.0,-52.0,11.0,-17.0,42.0,-2.0,78.0,11.0,-38.0,59.0,-36.0,,,,,,,,,,,,
2025-08-19T15:19:04.800795,24.0,32.0,38.0,-14.0,22.0,-2.0,-49.0,57.0,-5.0,-51.0,47.0,-54.0,,,,,,,,,,,,
2025-08-19T15:19:04.805321,10.0,-70.0,115.0,29.0,30.0,21.0,28.0,-38.0,39.0,37.0,34.0,-41.0,,,,,,,,,,,,
2025-08-19T15:19:04.812995,-45.0,12.0,-27.0,66.0,-1.0,-29.0,25.0,15.0,-24.0,-24.0,7.0,-50.0,,,,,,,,,,,,
2025-08-19T15:19:04.817604,5.0,29.0,-9.0,-10.0,34.0,-71.0,42.0,42.0,-16.0,3.0,44.0,28.0,,,,,,,,,,,,
2025-08-19T15:19:04.821817,78.0,25.0,-1.0,-48.0,58.0,2.0,13.0,42.0,9.0,-28.0,93.0,-3.0,,,,,,,,,,,,
2025-08-19T15:19:04.829865,-1.0,32.0,4.0,48.0,35.0,-21.0,-44.0,20.0,-1.0,-29.0,48.0,-87.0,,,,,,,,,,,,
2025-08-19T15:19:04.834142,28.0,-8.0,-58.0,65.0,64.0,4.0,24.0,46.0,72.0,-29.0,76.0,-74.0,,,,,,,,,,,,
2025-08-19T15:19:04.842122,-9.0,11.0,-9.0,-33.0,58.0,-69.0,14.0,-9.0,5.0,-12.0,58.0,-46.0,,,,,,,,,,,,
2025-08-19T15:19:04.846750,23.0,14.0,-25.0,3.0,2.0,-19.0,-51.0,19.0,49.0,10.0,22.0,-27.0,,,,,,,,,,,,
2025-08-19T15:19:04.854418,47.0,53.0,-26.0,22.0,6.0,6.0,-40.0,-29.0,3.0,15.0,34.0,-31.0,,,,,,,,,,,,
2025-08-19T15:19:04.859203,125.0,57.0,39.0,2.0,-38.0,-58.0,-19.0,-20.0,58.0,-51.0,57.0,-18.0,,,,,,,,,,,,
2025-08-19T15:19:04.866618,74.0,-14.0,-15.0,-9.0,72.0,-22.0,-37.0,18.0,21.0,48.0,19.0,-27.0,,,,,,,,,,,,
2025-08-19T15:19:04.871473,99.0,-57.0,71.0,-5.0,105.0,-15.0,-45.0,-42.0,52.0,-23.0,49.0,26.0,,,,,,,,,,,,
2025-08-19T15:19:04.878937,26.0,-35.0,81.0,6.0,78.0,11.0,24.0,-38.0,17.0,-40.0,86.0,-26.0,,,,,,,,,,,,
2025-08-19T15:19:04.883465,-19.0,1.0,52.0,34.0,1.0,16.0,5.0,0.0,57.0,-1.0,69.0,-8.0,,,,,,,,,,,,
2025-08-19T15:19:04.891089,-72.0,-77.0,15.0,49.0,25.0,-6.0,1.0,-19.0,75.0,-10.0,96.0,17.0,,,,,,,,,,,,
2025-08-19T15:19:04.895989,35.0,-74.0,52.0,39.0,79.0,22.0,-15.0,-116.0,35.0,-25.0,48.0,-19.0,,,,,,,,,,,,
2025-08-19T15:19:04.903522,-6.0,-20.0,-11.0,9.0,13.0,-41.0,10.0,16.0,-37.0,-36.0,76.0,35.0,,,,,,,,,,,,
2025-08-19T15:19:04.908108,43.0,85.0,-13.0,-86.0,47.0,-20.0,6.0,-14.0,42.0,-5.0,48.0,23.0,,,,,,,,,,,,
2025-08-19T15:19:04.915614,38.0,42.0,-34.0,11.0,108.0,-49.0,-25.0,17.0,1.0,24.0,-1.0,54.0,,,,,,,,,,,,
2025-08-19T15:19:04.920458,57.0,-44.0,-41.0,13.0,79.0,-29.0,-47.0,-3.0,53.0,-12.0,53.0,2.0,,,,,,,,,,,,
2025-08-19T15:19:04.927824,40.0,-8.0,-8.0,-9.0,-4.0,-6.0,2.0,9.0,70.0,-24.0,101.0,82.0,,,,,,,,,,,,
2025-08-19T15:19:04.932514,-5.0,-29.0,-7.0,1.0,38.0,-22.0,5.0,-33.0,67.0,-19.0,11.0,56.0,,,,,,,,,,,,
2025-08-19T15:19:04.939998,7.0,-40.0,28.0,5.0,21.0,-26.0,-7.0,-18.0,43.0,38.0,31.0,-19.0,,,,,,,,,,,,
2025-08-19T15:19:04.944751,-46.0,-52.0,36.0,5.0,62.0,27.0,-49.0,1.0,44.0,54.0,38.0,44.0,,,,,,,,,,,,
2025-08-19T15:19:04.948758,10.0,60.0,-14.0,0.0,0.0,3.0,-2.0,-19.0,-5.0,45.0,28.0,36.0,,,,,,,,,,,,
2025-08-19T15:19:04.957021,-66.0,95.0,36.0,41.0,-1.0,24.0,-21.0,-42.0,20.0,57.0,-14.0,8.0,,,,,,,,,,,,
2025-08-19T15:19:04.961148,2.0,58.0,14.0,-55.0,59.0,-46.0,12.0,-31.0,26.0,120.0,-43.0,30.0,,,,,,,,,,,,
2025-08-19T15:19:04.969129,12.0,29.0,-32.0,-33.0,90.0,-92.0,24.0,35.0,-29.0,68.0,2.0,24.0,,,,,,,,,,,,
2025-08-19T15:19:04.976930,119.0,28.0,-40.0,19.0,62.0,-15.0,-67.0,33.0,25.0,96.0,-16.0,63.0,,,,,,,,,,,,
2025-08-19T15:19:04.981456,88.0,5.0,-19.0,35.0,-38.0,-75.0,-30.0,49.0,-38.0,49.0,-52.0,21.0,,,,,,,,,,,,
2025-08-19T15:19:04.985684,20.0,-4.0,-3.0,58.0,62.0,52.0,-19.0,108.0,3.0,-5.0,22.0,15.0,,,,,,,,,,,,
2025-08-19T15:19:04.993719,74.0,1.0,67.0,-51.0,49.0,42.0,-28.0,17.0,32.0,59.0,-39.0,78.0,,,,,,,,,,,,
2025-08-19T15:19:04.998033,54.0,-18.0,55.0,-86.0,54.0,-18.0,-37.0,19.0,-18.0,64.0,33.0,89.0,,,,,,,,,,,,
2025-08-19T15:19:05.005912,14.0,16.0,36.0,34.0,32.0,-78.0,-86.0,56.0,-38.0,14.0,-13.0,46.0,,,,,,,,,,,,
2025-08-19T15:19:05.010288,17.0,80.0,7.0,7.0,79.0,-57.0,-43.0,72.0,-37.0,42.0,62.0,104.0,,,,,,,,,,,,
2025-08-19T15:19:05.018156,32.0,46.0,-5.0,34.0,25.0,-47.0,19.0,53.0,19.0,49.0,-44.0,-24.0,,,,,,,,,,,,
2025-08-19T15:19:05.022537,21.0,56.0,-45.0,38.0,-8.0,5.0,-58.0,-8.0,-23.0,-9.0,6.0,5.0,,,,,,,,,,,,
2025-08-19T15:19:05.030460,30.0,17.0,-29.0,15.0,22.0,10.0,9.0,2.0,46.0,47.0,-17.0,-1.0,,,,,,,,,,,,
2025-08-19T15:19:05.035061,80.0,77.0,-18.0,15.0,10.0,11.0,-15.0,53.0,21.0,94.0,42.0,1.0,,,,,,,,,,,,
2025-08-19T15:19:05.042824,62.0,-21.0,16.0,43.0,64.0,63.0,-43.0,2.0,-25.0,20.0,64.0,-68.0,,,,,,,,,,,,
2025-08-19T15:19:05.047472,21.0,16.0,77.0,-18.0,45.0,-24.0,-32.0,57.0,-19.0,113.0,46.0,-40.0,,,,,,,,,,,,
2025-08-19T15:19:05.054898,-20.0,-13.0,36.0,-56.0,66.0,-34.0,-54.0,20.0,-62.0,5.0,64.0,2.0,,,,,,,,,,,,
2025-08-19T15:19:05.059589,-8.0,11.0,49.0,65.0,0.0,-45.0,-23.0,18.0,-13.0,13.0,76.0,-61.0,,,,,,,,,,,,
2025-08-19T15:19:05.067180,14.0,-73.0,59.0,56.0,-20.0,-16.0,-79.0,52.0,14.0,-43.0,88.0,-20.0,,,,,,,,,,,,
2025-08-19T15:19:05.071918,-37.0,61.0,100.0,25.0,-25.0,-9.0,12.0,65.0,13.0,-7.0,35.0,-3.0,,,,,,,,,,,,
2025-08-19T15:19:05.079600,15.0,20.0,57.0,-45.0,60.0,39.0,20.0,41.0,25.0,-27.0,66.0,-25.0,,,,,,,,,,,,
2025-08-19T15:19:05.084129,20.0,42.0,22.0,13.0,-4.0,-8.0,-13.0,6.0,-62.0,-7.0,42.0,-36.0,,,,,,,,,,,,
2025-08-19T15:19:05.091653,-7.0,24.0,-2.0,-39.0,21.0,-76.0,8.0,9.0,14.0,-62.0,2.0,21.0,,,,,,,,,,,,
2025-08-19T15:19:05.096559,-48.0,21.0,-61.0,18.0,49.0,-19.0,72.0,31.0,-33.0,39.0,-8.0,50.0,,,,,,,,,,,,
2025-08-19T15:19:05.104001,-51.0,64.0,-56.0,-38.0,22.0,-24.0,-20.0,1.0,-28.0,37.0,2.0,-15.0,,,,,,,,,,,,
2025-08-19T15:19:05.108505,68.0,52.0,8.0,69.0,54.0,-13.0,-72.0,-62.0,-5.0,-9.0,15.0,26.0,,,,,,,,,,,,
2025-08-19T15:19:05.113070,90.0,83.0,-54.0,6.0,-40.0,15.0,1.0,75.0,0.0,-27.0,12.0,0.0,,,,,,,,,,,,
2025-08-19T15:19:05.120852,137.0,1.0,-89.0,3.0,25.0,35.0,14.0,-55.0,-23.0,64.0,-43.0,27.0,,,,,,,,,,,,
2025-08-19T15:19:05.125078,76.0,41.0,-34.0,-32.0,-18.0,7.0,45.0,45.0,9.0,15.0,24.0,33.0,,,,,,,,,,,,
2025-08-19T15:19:05.133013,61.0,-41.0,-88.0,-39.0,79.0,-6.0,21.0,-25.0,-23.0,-51.0,-22.0,18.0,,,,,,,,,,,,
2025-08-19T15:19:05.137595,72.0,4.0,66.0,26.0,-20.0,-66.0,-2.0,50.0,-30.0,77.0,-39.0,31.0,,,,,,,,,,,,
2025-08-19T15:19:05.145268,68.0,-39.0,45.0,13.0,102.0,-48.0,7.0,-22.0,-25.0,72.0,33.0,9.0,,,,,,,,,,,,
2025-08-19T15:19:05.149574,35.0,5.0,-40.0,51.0,-16.0,-102.0,-29.0,26.0,27.0,93.0,78.0,-16.0,,,,,,,,,,,,
2025-08-19T15:19:05.157642,35.0,42.0,-3.0,-6.0,75.0,-44.0,-34.0,-2.0,23.0,95.0,-5.0,-45.0,,,,,,,,,,,,
2025-08-19T15:19:05.161792,49.0,26.0,38.0,84.0,-8.0,28.0,-31.0,-7.0,-14.0,51.0,-22.0,34.0,,,,,,,,,,,,
2025-08-19T15:19:05.169868,15.0,128.0,-6.0,60.0,-8.0,-43.0,29.0,-33.0,-23.0,67.0,19.0,48.0,,,,,,,,,,,,
2025-08-19T15:19:05.174066,60.0,28.0,10.0,-10.0,78.0,5.0,-31.0,7.0,27.0,37.0,-12.0,55.0,,,,,,,,,,,,
2025-08-19T15:19:05.181912,86.0,-35.0,-40.0,29.0,48.0,-4.0,55.0,24.0,41.0,62.0,6.0,-19.0,,,,,,,,,,,,
2025-08-19T15:19:05.186406,74.0,4.0,101.0,2.0,29.0,0.0,1.0,30.0,31.0,-1.0,48.0,-20.0,,,,,,,,,,,,
2025-08-19T15:19:05.194375,12.0,-63.0,10.0,43.0,49.0,-76.0,-34.0,46.0,-5.0,58.0,16.0,-74.0,,,,,,,,,,,,
2025-08-19T15:19:05.198992,58.0,-20.0,29.0,-20.0,63.0,-82.0,85.0,35.0,7.0,44.0,16.0,-13.0,,,,,,,,,,,,
2025-08-19T15:19:05.206523,-1.0,20.0,96.0,2.0,-40.0,33.0,-16.0,12.0,4.0,73.0,6.0,-30.0,,,,,,,,,,,,
2025-08-19T15:19:05.211134,32.0,34.0,56.0,4.0,16.0,25.0,-21.0,21.0,55.0,-20.0,68.0,-96.0,,,,,,,,,,,,
2025-08-19T15:19:05.218638,-51.0,1.0,-75.0,40.0,28.0,61.0,34.0,16.0,33.0,62.0,45.0,-21.0,,,,,,,,,,,,
2025-08-19T15:19:05.223481,27.0,92.0,-41.0,19.0,80.0,-4.0,13.0,-10.0,1.0,25.0,25.0,-22.0,,,,,,,,,,,,
2025-08-19T15:19:05.231129,53.0,35.0,-18.0,-70.0,32.0,-37.0,-21.0,-56.0,30.0,28.0,27.0,-53.0,,,,,,,,,,,,
2025-08-19T15:19:05.235745,89.0,8.0,-37.0,37.0,54.0,-12.0,17.0,39.0,-49.0,84.0,92.0,-40.0,,,,,,,,,,,,
2025-08-19T15:19:05.243329,-1.0,7.0,63.0,-21.0,17.0,-44.0,6.0,-50.0,71.0,54.0,74.0,-6.0,,,,,,,,,,,,
2025-08-19T15:19:05.247970,43.0,-6.0,67.0,23.0,-43.0,-62.0,-53.0,-4.0,56.0,-50.0,31.0,-62.0,,,,,,,,,,,,
2025-08-19T15:19:05.255586,87.0,-9.0,109.0,95.0,98.0,-38.0,-3.0,-13.0,-14.0,13.0,-8.0,-26.0,,,,,,,,,,,,
2025-08-19T15:19:05.260010,88.0,12.0,52.0,35.0,-29.0,6.0,-61.0,-27.0,102.0,-28.0,58.0,-49.0,,,,,,,,,,,,
2025-08-19T15:19:05.267904,-21.0,-18.0,104.0,-2.0,70.0,-32.0,-44.0,-15.0,56.0,-2.0,62.0,-66.0,,,,,,,,,,,,
2025-08-19T15:19:05.272843,-30.0,-7.0,26.0,2.0,119.0,-14.0,-3.0,-30.0,29.0,63.0,74.0,-10.0,,,,,,,,,,,,
2025-08-19T15:19:05.280034,1.0,13.0,10.0,82.0,125.0,-6.0,-36.0,-72.0,18.0,7.0,99.0,-31.0,,,,,,,,,,,,
2025-08-19T15:19:05.284875,58.0,124.0,-46.0,-43.0,17.0,-8.0,1.0,-34.0,47.0,-32.0,79.0,-48.0,,,,,,,,,,,,
2025-08-19T15:19:05.292343,95.0,0.0,-8.0,-29.0,72.0,27.0,-55.0,-18.0,29.0,7.0,52.0,-49.0,,,,,,,,,,,,
2025-08-19T15:19:05.296966,84.0,0.0,7.0,55.0,68.0,-26.0,-39.0,35.0,53.0,12.0,20.0,-45.0,,,,,,,,,,,,
2025-08-19T15:19:05.301094,23.0,-54.0,32.0,30.0,73.0,-9.0,-68.0,53.0,-9.0,7.0,6.0,-56.0,,,,,,,,,,,,
2025-08-19T15:19:05.309071,1.0,25.0,57.0,-71.0,13.0,-5.0,-50.0,74.0,33.0,-38.0,33.0,-12.0,,,,,,,,,,,,
2025-08-19T15:19:05.313347,66.0,-60.0,41.0,7.0,-1.0,-40.0,6.0,12.0,23.0,15.0,13.0,-24.0,,,,,,,,,,,,
2025-08-19T15:19:05.321509,3.0,-32.0,78.0,-25.0,70.0,-63.0,-10.0,19.0,80.0,-43.0,80.0,-13.0,,,,,,,,,,,,
2025-08-19T15:19:05.325715,-1.0,33.0,17.0,12.0,-40.0,-7.0,3.0,-8.0,74.0,-4.0,-7.0,-41.0,,,,,,,,,,,,
2025-08-19T15:19:05.333699,-31.0,26.0,2.0,50.0,-16.0,13.0,-26.0,-37.0,42.0,-43.0,81.0,-13.0,,,,,,,,,,,,
2025-08-19T15:19:05.338036,-23.0,12.0,-45.0,19.0,41.0,-22.0,-2.0,47.0,29.0,-2.0,10.0,28.0,,,,,,,,,,,,
2025-08-19T15:19:05.345929,19.0,61.0,-12.0,17.0,35.0,-18.0,-41.0,-16.0,57.0,42.0,-24.0,62.0,,,,,,,,,,,,
2025-08-19T15:19:05.350310,61.0,-54.0,-33.0,17.0,97.0,-10.0,-9.0,39.0,-4.0,33.0,82.0,6.0,,,,,,,,,,,,
2025-08-19T15:19:05.358149,-8.0,-22.0,-66.0,-12.0,58.0,-5.0,-49.0,-12.0,38.0,21.0,66.0,66.0,,,,,,,,,,,,
2025-08-19T15:19:05.362929,48.0,25.0,-3.0,71.0,15.0,-54.0,-14.0,7.0,62.0,-34.0,125.0,-27.0,,,,,,,,,,,,
2025-08-19T15:19:05.370413,45.0,-76.0,46.0,19.0,63.0,-51.0,34.0,78.0,44.0,-12.0,118.0,-7.0,,,,,,,,,,,,
2025-08-19T15:19:05.375068,-97.0,-22.0,98.0,53.0,24.0,-59.0,15.0,20.0,-2.0,-24.0,40.0,32.0,,,,,,,,,,,,
2025-08-19T15:19:05.382656,-13.0,7.0,40.0,-30.0,31.0,-12.0,-58.0,7.0,-65.0,-25.0,67.0,-24.0,,,,,,,,,,,,
2025-08-19T15:19:05.387095,-17.0,61.0,0.0,49.0,56.0,29.0,-6.0,-51.0,-8.0,99.0,43.0,13.0,,,,,,,,,,,,
2025-08-19T15:19:05.394808,-6.0,12.0,-41.0,-17.0,-2.0,0.0,-59.0,17.0,-28.0,8.0,3.0,24.0,,,,,,,,,,,,
2025-08-19T15:19:05.399668,-29.0,-12.0,4.0,55.0,55.0,-46.0,-35.0,-36.0,-3.0,-45.0,6.0,-33.0,,,,,,,,,,,,
2025-08-19T15:19:05.406898,13.0,-15.0,17.0,46.0,91.0,-71.0,8.0,7.0,-39.0,5.0,7.0,52.0,,,,,,,,,,,,
2025-08-19T15:19:05.411869,65.0,57.0,-34.0,40.0,112.0,-51.0,-56.0,37.0,-19.0,67.0,62.0,50.0,,,,,,,,,,,,
2025-08-19T15:19:05.419453,46.0,34.0,10.0,75.0,9.0,-15.0,-18.0,21.0,33.0,-22.0,69.0,46.0,,,,,,,,,,,,
2025-08-19T15:19:05.424095,9.0,17.0,13.0,52.0,74.0,-10.0,-2.0,34.0,-20.0,56.0,-70.0,49.0,,,,,,,,,,,,
2025-08-19T15:19:05.431648,66.0,-47.0,12.0,2.0,74.0,36.0,-21.0,31.0,0.0,47.0,43.0,-4.0,,,,,,,,,,,,
2025-08-19T15:19:05.436279,68.0,-65.0,8.0,-1.0,123.0,15.0,14.0,68.0,58.0,-35.0,-36.0,63.0,,,,,,,,,,,,
2025-08-19T15:19:05.443832,38.0,-17.0,-14.0,35.0,50.0,3.0,-43.0,72.0,11.0,79.0,60.0,35.0,,,,,,,,,,,,
2025-08-19T15:19:05.448628,-24.0,10.0,17.0,39.0,48.0,-30.0,-29.0,10.0,24.0,5.0,19.0,40.0,,,,,,,,,,,,
2025-08-19T15:19:05.456140,-1.0,70.0,84.0,68.0,45.0,-15.0,-84.0,61.0,15.0,60.0,-107.0,-2.0,,,,,,,,,,,,
2025-08-19T15:19:05.460728,16.0,3.0,-32.0,88.0,62.0,24.0,61.0,114.0,15.0,22.0,5.0,48.0,,,,,,,,,,,,
2025-08-19T15:19:05.465750,58.0,-5.0,46.0,-3.0,22.0,49.0,2.0,-6.0,10.0,3.0,-11.0,60.0,,,,,,,,,,,,
2025-08-19T15:19:05.473055,73.0,35.0,37.0,-7.0,-44.0,-3.0,-12.0,7.0,9.0,52.0,-68.0,-11.0,,,,,,,,,,,,
2025-08-19T15:19:05.477349,-18.0,47.0,16.0,-20.0,-9.0,24.0,-33.0,69.0,-21.0,33.0,26.0,-55.0,,,,,,,,,,,,
2025-08-19T15:19:05.485197,31.0,-21.0,31.0,24.0,125.0,8.0,39.0,31.0,24.0,32.0,29.0,-59.0,,,,,,,,,,,,
2025-08-19T15:19:05.489598,17.0,55.0,40.0,-49.0,81.0,-67.0,-35.0,-55.0,49.0,30.0,113.0,-63.0,,,,,,,,,,,,
2025-08-19T15:19:05.497643,-62.0,1.0,11.0,51.0,33.0,-35.0,-44.0,48.0,14.0,71.0,68.0,-46.0,,,,,,,,,,,,
2025-08-19T15:19:05.501843,-27.0,61.0,15.0,46.0,54.0,-63.0,-66.0,-1.0,84.0,79.0,107.0,-81.0,,,,,,,,,,,,
2025-08-19T15:19:05.509804,-21.0,84.0,10.0,4.0,47.0,-51.0,-10.0,-19.0,35.0,69.0,-36.0,20.0,,,,,,,,,,,,
2025-08-19T15:19:05.514061,56.0,31.0,8.0,-7.0,42.0,-32.0,-26.0,-74.0,66.0,81.0,39.0,-28.0,,,,,,,,,,,,
2025-08-19T15:19:05.522403,93.0,6.0,6.0,-18.0,73.0,-18.0,-22.0,6.0,25.0,15.0,19.0,-25.0,,,,,,,,,,,,
2025-08-19T15:19:05.526519,17.0,76.0,-38.0,-51.0,66.0,-97.0,-82.0,12.0,40.0,19.0,26.0,-35.0,,,,,,,,,,,,
2025-08-19T15:19:05.534538,-10.0,7.0,-32.0,53.0,54.0,-114.0,-28.0,-20.0,30.0,-16.0,43.0,-64.0,,,,,,,,,,,,
2025-08-19T15:19:05.538882,6.0,-26.0,22.0,25.0,3.0,24.0,13.0,40.0,47.0,-43.0,85.0,-4.0,,,,,,,,,,,,
2025-08-19T15:19:05.546678,90.0,-83.0,25.0,46.0,-9.0,-37.0,-22.0,81.0,-17.0,7.0,65.0,-95.0,,,,,,,,,,,,
2025-08-19T15:19:05.550955,33.0,-58.0,-21.0,-36.0,7.0,63.0,-50.0,31.0,6.0,23.0,57.0,-30.0,,,,,,,,,,,,
2025-08-19T15:19:05.558929,90.0,30.0,16.0,0.0,11.0,37.0,-87.0,107.0,41.0,-19.0,66.0,-54.0,,,,,,,,,,,,
2025-08-19T15:19:05.563551,-46.0,-23.0,77.0,23.0,-23.0,-50.0,-28.0,29.0,21.0,-41.0,11.0,-41.0,,,,,,,,,,,,
2025-08-19T15:19:05.570971,-45.0,50.0,40.0,40.0,72.0,-9.0,-1.0,46.0,28.0,7.0,47.0,2.0,,,,,,,,,,,,
2025-08-19T15:19:05.576109,25.0,110.0,41.0,33.0,41.0,-14.0,-10.0,24.0,11.0,-20.0,67.0,-72.0,,,,,,,,,,,,
2025-08-19T15:19:05.583604,-35.0,60.0,-45.0,21.0,-49.0,-10.0,-21.0,-53.0,50.0,12.0,-31.0,-50.0,,,,,,,,,,,,
2025-08-19T15:19:05.588240,100.0,6.0,-35.0,56.0,-26.0,-13.0,-20.0,13.0,72.0,-17.0,37.0,18.0,,,,,,,,,,,,
2025-08-19T15:19:05.595751,69.0,-8.0,-39.0,10.0,39.0,-12.0,25.0,-40.0,70.0,-63.0,64.0,-66.0,,,,,,,,,,,,
2025-08-19T15:19:05.600586,114.0,-28.0,-14.0,10.0,50.0,-14.0,-39.0,-73.0,15.0,-55.0,80.0,-53.0,,,,,,,,,,,,
2025-08-19T15:19:05.608268,25.0,-16.0,-6.0,-18.0,52.0,-61.0,-74.0,-32.0,33.0,-20.0,-12.0,-32.0,,,,,,,,,,,,
2025-08-19T15:19:05.612788,-10.0,24.0,-39.0,-44.0,40.0,-19.0,44.0,22.0,42.0,-42.0,70.0,-10.0,,,,,,,,,,,,
2025-08-19T15:19:05.620108,5.0,43.0,-38.0,48.0,11.0,-1.0,19.0,28.0,26.0,-7.0,92.0,-62.0,,,,,,,,,,,,
2025-08-19T15:19:05.625041,-20.0,-17.0,-25.0,77.0,30.0,-69.0,-28.0,-19.0,-53.0,-18.0,48.0,-29.0,,,,,,,,,,,,
2025-08-19T15:19:05.632667,-21.0,109.0,14.0,-66.0,37.0,-22.0,20.0,43.0,41.0,-3.0,65.0,-24.0,,,,,,,,,,,,
2025-08-19T15:19:05.637279,71.0,43.0,-41.0,38.0,39.0,9.0,-65.0,6.0,-15.0,8.0,55.0,-51.0,,,,,,,,,,,,
2025-08-19T15:19:05.644782,37.0,-5.0,-23.0,-45.0,38.0,-6.0,-116.0,27.0,4.0,-9.0,75.0,-48.0,,,,,,,,,,,,
2025-08-19T15:19:05.649593,27.0,-15.0,16.0,-79.0,31.0,-46.0,-29.0,-24.0,-22.0,-6.0,49.0,-29.0,,,,,,,,,,,,
2025-08-19T15:19:05.657174,66.0,-28.0,63.0,64.0,-10.0,17.0,26.0,23.0,6.0,-13.0,65.0,-44.0,,,,,,,,,,,,
2025-08-19T15:19:05.661883,-25.0,-24.0,37.0,4.0,10.0,-8.0,-33.0,38.0,-32.0,45.0,36.0,-27.0,,,,,,,,,,,,
2025-08-19T15:19:05.669345,7.0,46.0,32.0,-27.0,14.0,14.0,-47.0,8.0,5.0,-33.0,37.0,-30.0,,,,,,,,,,,,
2025-08-19T15:19:05.673974,30.0,9.0,17.0,31.0,0.0,41.0,-8.0,24.0,49.0,-30.0,-8.0,-10.0,,,,,,,,,,,,
2025-08-19T15:19:05.681572,24.0,37.0,47.0,20.0,46.0,-7.0,11.0,17.0,-17.0,15.0,68.0,-67.0,,,,,,,,,,,,
2025-08-19T15:19:05.686164,7.0,55.0,63.0,20.0,16.0,30.0,-56.0,-12.0,1.0,62.0,31.0,-13.0,,,,,,,,,,,,
2025-08-19T15:19:05.693895,-91.0,17.0,53.0,-7.0,33.0,-29.0,-13.0,66.0,6.0,-39.0,39.0,-28.0,,,,,,,,,,,,
2025-08-19T15:19:05.698675,4.0,43.0,-30.0,-20.0,38.0,-47.0,16.0,103.0,0.0,-19.0,28.0,-71.0,,,,,,,,,,,,
2025-08-19T15:19:05.706154,61.0,17.0,-35.0,50.0,21.0,-4.0,-88.0,56.0,20.0,-6.0,-15.0,-14.0,,,,,,,,,,,,
2025-08-19T15:19:05.710838,118.0,12.0,-5.0,46.0,26.0,-113.0,-65.0,85.0,5.0,12.0,60.0,-31.0,,,,,,,,,,,,
2025-08-19T15:19:05.718406,42.0,2.0,31.0,-3.0,2.0,8.0,-110.0,76.0,-12.0,14.0,129.0,-14.0,,,,,,,,,,,,
2025-08-19T15:19:05.723022,-18.0,-9.0,63.0,15.0,-17.0,-13.0,-13.0,54.0,-61.0,42.0,27.0,-9.0,,,,,,,,,,,,
2025-08-19T15:19:05.727782,-40.0,-3.0,26.0,24.0,24.0,17.0,22.0,33.0,26.0,0.0,48.0,-52.0,,,,,,,,,,,,
2025-08-19T15:19:05.735164,26.0,66.0,-21.0,14.0,1.0,15.0,-4.0,6.0,-22.0,-47.0,47.0,-38.0,,,,,,,,,,,,
2025-08-19T15:19:05.739335,-6.0,68.0,-89.0,49.0,19.0,-56.0,-5.0,54.0,-22.0,8.0,89.0,-57.0,,,,,,,,,,,,
2025-08-19T15:19:05.747665,-12.0,60.0,-17.0,49.0,44.0,-50.0,-13.0,13.0,21.0,-32.0,53.0,-34.0,,,,,,,,,,,,
2025-08-19T15:19:05.755331,87.0,11.0,-58.0,-23.0,-13.0,-57.0,9.0,22.0,-10.0,-11.0,-1.0,-40.0,,,,,,,,,,,,
2025-08-19T15:19:05.759878,18.0,-58.0,-25.0,76.0,-22.0,-33.0,23.0,34.0,-28.0,-68.0,31.0,-76.0,,,,,,,,,,,,
2025-08-19T15:19:05.765442,0.0,-23.0,134.0,54.0,-1.0,-29.0,-16.0,29.0,-19.0,45.0,43.0,-45.0,,,,,,,,,,,,
2025-08-19T15:19:05.772003,31.0,-39.0,20.0,-48.0,32.0,3.0,16.0,11.0,1.0,24.0,70.0,-82.0,,,,,,,,,,,,
2025-08-19T15:19:05.776162,-66.0,-44.0,59.0,10.0,102.0,9.0,11.0,28.0,27.0,22.0,74.0,-28.0,,,,,,,,,,,,
2025-08-19T15:19:05.784170,-29.0,99.0,66.0,-17.0,65.0,24.0,-34.0,-12.0,-43.0,-23.0,34.0,-6.0,,,,,,,,,,,,
2025-08-19T15:19:05.788504,-13.0,53.0,-45.0,77.0,99.0,34.0,66.0,-29.0,3.0,27.0,19.0,-21.0,,,,,,,,,,,,
2025-08-19T15:19:05.796651,36.0,116.0,-29.0,-6.0,13.0,-18.0,0.0,17.0,-8.0,-6.0,13.0,-30.0,,,,,,,,,,,,
2025-08-19T15:19:05.800717,43.0,-3.0,1.0,66.0,42.0,16.0,47.0,25.0,32.0,-20.0,47.0,-74.0,,,,,,,,,,,,
2025-08-19T15:19:05.808771,53.0,-17.0,-54.0,-32.0,-54.0,36.0,44.0,-44.0,-8.0,0.0,60.0,-133.0,,,,,,,,,,,,
2025-08-19T15:19:05.812348,37.0,-42.0,9.0,16.0,30.0,12.0,10.0,-53.0,-23.0,14.0,55.0,-48.0,,,,,,,,,,,,
2025-08-19T15:19:05.820612,-54.0,34.0,15.0,-36.0,47.0,-26.0,-6.0,34.0,-31.0,20.0,76.0,-30.0,,,,,,,,,,,,
2025-08-19T15:19:05.825005,-32.0,32.0,22.0,25.0,53.0,-20.0,1.0,11.0,-30.0,-28.0,45.0,-66.0,,,,,,,,,,,,
2025-08-19T15:19:05.832997,1.0,5.0,-30.0,44.0,21.0,-46.0,11.0,-77.0,34.0,-23.0,-1.0,-35.0,,,,,,,,,,,,
2025-08-19T15:19:05.836988,71.0,77.0,29.0,24.0,18.0,-46.0,19.0,-9.0,58.0,-57.0,57.0,-65.0,,,,,,,,,,,,
2025-08-19T15:19:05.845128,47.0,16.0,-42.0,68.0,43.0,-31.0,-12.0,5.0,92.0,-63.0,76.0,-7.0,,,,,,,,,,,,
2025-08-19T15:19:05.849366,84.0,-104.0,15.0,26.0,62.0,-1.0,49.0,-18.0,35.0,52.0,72.0,-60.0,,,,,,,,,,,,
2025-08-19T15:19:05.857504,61.0,11.0,3.0,24.0,69.0,18.0,-88.0,22.0,-17.0,-80.0,74.0,-72.0,,,,,,,,,,,,
2025-08-19T15:19:05.861747,-55.0,-15.0,20.0,41.0,28.0,-16.0,-31.0,27.0,20.0,-11.0,30.0,-61.0,,,,,,,,,,,,
2025-08-19T15:19:05.869787,-33.0,50.0,78.0,17.0,19.0,-62.0,-92.0,28.0,24.0,-54.0,26.0,-50.0,,,,,,,,,,,,
2025-08-19T15:19:05.874061,-77.0,-7.0,-27.0,17.0,80.0,-42.0,-31.0,29.0,57.0,12.0,59.0,-57.0,,,,,,,,,,,,
2025-08-19T15:19:05.881993,86.0,25.0,29.0,92.0,54.0,13.0,-49.0,33.0,53.0,16.0,46.0,-44.0,,,,,,,,,,,,
2025-08-19T15:19:05.886653,40.0,-86.0,-3.0,8.0,-32.0,-21.0,-96.0,4.0,41.0,-14.0,-3.0,-14.0,,,,,,,,,,,,
2025-08-19T15:19:05.894501,95.0,15.0,-56.0,-29.0,-64.0,0.0,-56.0,57.0,-44.0,-28.0,26.0,-16.0,,,,,,,,,,,,
2025-08-19T15:19:05.899044,55.0,-88.0,51.0,20.0,66.0,25.0,-51.0,19.0,-35.0,5.0,79.0,-64.0,,,,,,,,,,,,
2025-08-19T15:19:05.906913,-14.0,47.0,18.0,10.0,143.0,-61.0,1.0,32.0,45.0,-16.0,18.0,-56.0,,,,,,,,,,,,
2025-08-19T15:19:05.911913,-10.0,58.0,57.0,48.0,83.0,-56.0,-9.0,62.0,54.0,-11.0,17.0,-55.0,,,,,,,,,,,,
2025-08-19T15:19:05.919336,-50.0,-7.0,-6.0,71.0,32.0,17.0,15.0,21.0,-14.0,-4.0,33.0,-84.0,,,,,,,,,,,,
2025-08-19T15:19:05.923999,-43.0,40.0,-28.0,33.0,13.0,-63.0,-25.0,1.0,-54.0,-6.0,24.0,-23.0,,,,,,,,,,,,
2025-08-19T15:19:05.931590,-18.0,35.0,-54.0,60.0,-18.0,29.0,10.0,-2.0,-13.0,-65.0,-12.0,-17.0,,,,,,,,,,,,
2025-08-19T15:19:05.936125,82.0,73.0,10.0,-20.0,21.0,61.0,21.0,-42.0,-10.0,9.0,62.0,-15.0,,,,,,,,,,,,
2025-08-19T15:19:05.943727,155.0,-60.0,-13.0,-6.0,39.0,-41.0,78.0,-15.0,-21.0,17.0,102.0,17.0,,,,,,,,,,,,
2025-08-19T15:19:05.948424,57.0,-47.0,38.0,-11.0,93.0,-54.0,14.0,4.0,35.0,-14.0,83.0,-6.0,,,,,,,,,,,,
2025-08-19T15:19:05.956015,18.0,-105.0,48.0,73.0,63.0,32.0,-7.0,43.0,25.0,-17.0,1.0,24.0,,,,,,,,,,,,
2025-08-19T15:19:05.960659,17.0,60.0,3.0,34.0,72.0,54.0,-10.0,-25.0,31.0,-13.0,104.0,-18.0,,,,,,,,,,,,
